{
    "blocks":["0xb6d82a","0xe83878","0xb6d82a","0xe83878","0xb6d82a","0xe83878","0xb6d82a","0xe83878","0x29cbd3","0xe83878","0xb6d82a","0xe83878","0xb6d82a"],
    "code":["left()","if       {","       left()","}  else  if        {","       right()","}  else  { ","        left()","}","up()"],
    "startX":600, 
    "startY":350,
    "order":[5,4,7,3],
    "row":4,
    "col":4,
    "start":5,
    "scale":0.75,
    "ballScale":0.75,
    "fontSize": 50,
    "textStartY": 200,
    "textGap": 90,
    "textStartX": 1400,
    "color":["0xb6d82a","0x29cbd3"],
    "ifcross":[false],
    "ifBoxPos":[1470,1620]
}