{
    "blocks":["0xffa600","0xffa600","0xffa600","0xffa600","0x28b463","0xffa600","0xffa600","0x28b463","0xffa600","0xffa600","0xffa600","0x28b463","0xffa600","0xffa600","0xffa600","0xffa600","0x28b463","0xffa600","0xffa600","0xffa600"],
    "code":["up()", "repeat  (4)  {","       right()","       if       { ","             right()","        }","        down()","}  "],
    "startX":350,
    "startY":300,
    "order":[4,0,1,2,6,7,11,8,9,13,14,15,19],
	"text":[], 
	"textsize":[], 
	"textcolor":[],
    "row":4,
    "col":5,
    "start":4,
    "scale":0.50,
    "ballScale":0.50,
    "fontSize": 50,
    "textStartY": 150,
    "textGap": 90,
    "textStartX": 1300,
    "color":["0xffa600"],
    "ifcross":[false],
    "ifBoxPos":[1455],
    "Hint" : "",
    "HintColor":"",
    "BorderColor":""
}
