    {
    "blocks":["0xe5e5e5","0xec7063","0xe5e5e5","0xec7063","0xec7063","0xe5e5e5","0xf4d03f ","0xe5e5e5","0xe5e5e5","0xec7063","0xe5e5e5","0xec7063"],
    "code":["right()","if       { ","      down()","} ","left()","if       {","      down()","}","up()"],
    "startX":650,
    "startY":550,
    "order":[0,1,5,4,8,4],
	"text":[], 
	"textsize":[], 
	"textcolor":[],
    "row":4,
    "col":3,
    "start":0,
    "scale":0.50,
    "ballScale":0.50,
    "fontSize": 55,
    "textStartY": 150,
    "textGap": 90,
    "textStartX": 1400,
    "color":["0xec7063","0xec7063"],
    "ifcross":[false],
    "ifBoxPos":[1475,1475],
    "Hint" : "",
    "HintColor":"",
    "BorderColor":""
}
