{
    "blocks":["0xec7063","0xec7063","0xe5e5e5","0xec7063 "],
    "code":["up()","if       {","      right()","}","down()"],
    "startX":750,
    "startY":400,
    "order":[2,0,1,3],
	"text":[], 
	"textsize":[], 
	"textcolor":[],
    "row":2,
    "col":2,
    "start":2,
    "scale":0.75,
    "ballScale":0.75,
    "fontSize": 60,
    "textStartY": 250,
    "textGap": 110,
    "textStartX": 1350,
    "color":["0xec7063 "],
    "ifcross":[false],
    "ifBoxPos":[1430],
    "Hint" : "",
    "HintColor":"",
    "BorderColor":""
}