{
    "blocks":["0xff0068","0x707b7c","0xff0068","0x707b7c","0xff0068","0xff0068","0xe5e5e5","0xe5e5e5","0xff0068","0x707b7c","0xff0068","0x707b7c"],
    "code":["repeat  (4)  {","       if        { ","              up()","       }","       if        { ","              left()","       }","      down()","}","  "],
    "startX":650,
    "startY":250,
    "order":[1,0,3,5,8,5,8,5,8],
	"text":[], 
	"textsize":[], 
	"textcolor":[],
    "row":3,
    "col":4,
    "start":1,
    "scale":0.50,
    "ballScale":0.50,
    "fontSize": 50,
    "textStartY": 170,
    "textGap": 90,
    "textStartX": 1200,
    "color":["0xff0068","0x707b7c"],
    "ifcross":[false],
    "ifBoxPos":[1360,1360],
    "Hint" : "",
    "HintColor":"",
    "BorderColor":""
}