{
    "blocks":["0xe5e5e5","0xe83878","0xe5e5e5","0xe5e5e5","0xe83878","0xe83878","0xe83878","0xb6d82a","0xffa600","0xffa600","0xffa600","0x29cbd3","0xb6d82a","0xffa600","0x29cbd3","0xb6d82a","0xe5e5e5","0xe5e5e5","0xe5e5e5","0x29cbd3"],
    "code":["right()","repeat (4) {","       if         {","              right()","      }   else {","              left()","      }","      down()"," }",""," left()"],
    "startX":550,
    "startY":250,
    "order":[8,9,5,10,11,16,15,0,4,9,8],
	"text":[], 
	"textsize":[], 
	"textcolor":[],
    "row":5,
    "col":4,
    "start":8,
    "scale":0.50,
    "ballScale":0.50,
    "fontSize": 48,
    "textStartY": 200,
    "textGap": 75,
    "textStartX": 1400,
    "color":["0xffa600"],
    "ifcross":[false],
    "ifBoxPos":[1560],
    "Hint" : "",
    "HintColor":"",
    "BorderColor":""
}