{
    "blocks":["0xff0068","0xff0068","0xe5e5e5","0xe5e5e5","0xe5e5e5","0xe5e5e5","0xe5e5e5","0xff0068","0xff0068","0xe5e5e5","0xe5e5e5","0xe5e5e5","0xe5e5e5","0xff0068","0xe5e5e5","0xff0068","0xe5e5e5","0xe5e5e5","0xe5e5e5","0xff0068","0xff0068","0xff0068","0xe5e5e5","0xe5e5e5"],
    "code":["right()","repeat   (2)   {  ","       if        { ","            right()","       } ","       up()"," } "],
    "startX":500,
    "startY":300,
    "order":[6,7,8,2,20],
	"text":[], 
	"textsize":[], 
	"textcolor":[],
    "row":6,
    "col":4,
    "start":6,
    "scale":0.50,
    "ballScale":0.50,
    "fontSize": 50,
    "textStartY": 250,
    "textGap": 90,
    "textStartX": 1400,
    "color":["0xff0068"],
    "ifcross":[false],
    "ifBoxPos":[1560],
    "Hint" : "",
    "HintColor":"",
    "BorderColor":""
}