{
    "blocks":["0x5dade2 ","0xe5e5e5","0xe5e5e5","0xe5e5e5","0xe5e5e5","0x5dade2 ","0xe5e5e5","0xe83878","0x5d6d7e","0xe83878","0x5d6d7e","0xe5e5e5","0xe5e5e5","0x5d6d7e","0xe5e5e5","0xe5e5e5","0x5d6d7e","0xe5e5e5","0xe5e5e5","0x5d6d7e","0xe83878","0x5d6d7e","0xe83878","0xe5e5e5","0x5dade2 ","0xe5e5e5","0xe5e5e5","0xe5e5e5","0xe5e5e5","0x5dade2 "],
    "code":["while       {","      repeat  (4) { ","             left()","      }","      up()","}","right()"],
    "text":[], 
    "textsize":[], 
    "textcolor":[],
    "startX":300,
    "startY":200,
    "order":[19,18,23,22,21,15,16],
    "row":6,
    "col":5,
    "start":19,
    "scale":0.50,
    "ballScale":0.50,
    "fontSize": 50,
    "textStartY": 250,
    "textGap": 90,
    "textStartX": 1200,
    "color":["0x5d6d7e"],
    "ifcross":[false],
    "ifBoxPos":[1335],
    "Hint" : "",
    "HintColor":"",
    "BorderColor":""
}