{
    "blocks":["0xffa600","0xffa600","0xffa600","0xe5e5e5","0xe5e5e5","0xff0068","0xffa600","0xffa600","0xffa600","0xffa600","0xffa600","0xe5e5e5","0xe5e5e5","0xff0068","0xff0068","0xff0068","0xffa600","0xffa600","0xe5e5e5","0xe5e5e5","0xff0068","0xff0068","0xff0068","0xffa600","0xe5e5e5"],
    "code":[" repeat  (4)  { ","        while       {","             left()","       }","       while       { ","             up()","        }","        down()","}"],
    "text":[], 
    "textsize":[], 
    "textcolor":[],
    "startX":550,
    "startY":280,
    "order":[2,1,0,4,9,8,7,6,5,0,5,0,5,0,5],
    "row":5,
    "col":5,
    "start":2,
    "scale":0.50,
    "ballScale":0.50,
    "fontSize": 50,
    "textStartY": 200,
    "textGap": 90,
    "textStartX": 1300,
    "color":["0xffa600","0xff0068"],
    "ifcross":[false],
    "ifBoxPos":[1535,1525],
    "Hint" : "",
    "HintColor":"",
    "BorderColor":""
}
