{
    "blocks":["0xe83878","0xffa600","0xe5e5e5","0xe5e5e5","0xe83878","0x5d6d7e","0xffa600","0xe5e5e5","0xe5e5e5","0xe5e5e5","0xe83878","0x5d6d7e","0x5d6d7e","0xe5e5e5","0xe83878","0xe5e5e5","0xe5e5e5","0xe5e5e5","0x5d6d7e","0x5d6d7e","0x5d6d7e","0x5d6d7e","0xffa600","0xe5e5e5"],
    "code":["repeat (2) {","      while      {","           left()","      }","      while      {","           right()","     }","     down()","} "],
    "text":[], 
    "textsize":[], 
    "textcolor":[],
    "startX":400,
    "startY":200,
    "order":[3,2,1,2,3,0,4,7,6,7,4,8],
    "row":4,
    "col":4,
    "start":3,
    "scale":0.50,
    "ballScale":0.50,
    "fontSize": 60,
    "textStartY":160,
    "textGap": 90,
    "textStartX": 1350,
    "color":["0xffa600","0xe83878"],
    "ifcross":[true,true],
    "ifBoxPos":[1595,1595],
    "Hint" : "",
    "HintColor":"",
    "BorderColor":""
}
