{
    "blocks":["0xffa600","0xffa600","0xffa600","0xffa600","0xffa600","0xffa600","0xe5e5e5","0xe5e5e5","0xe5e5e5","0xe5e5e5","0xff0068","0xff0068","0xff0068","0xffa600","0xffa600","0xffa600","0xe5e5e5","0xe5e5e5","0xff0068","0xff0068","0xff0068","0xffa600","0xffa600","0xffa600","0xe5e5e5"],
    "code":[" repeat  (3)  { ","        while       {","             up()","       }","       while       { ","             down()","        }","        left()","}"],
    "text":[], 
    "textsize":[], 
    "textcolor":[],
    "startX":550,
    "startY":280,
    "order":[5,0,20,0,4,24,23,18,23,22],
    "row":5,
    "col":5,
    "start":5,
    "scale":0.50,
    "ballScale":0.50,
    "fontSize": 50,
    "textStartY": 150,
    "textGap": 90,
    "textStartX": 1300,
    "color":["0xffa600","0xff0068"],
    "ifcross":[false],
    "ifBoxPos":[1535,1525],
    "Hint" : "",
    "HintColor":"",
    "BorderColor":""
}
