{
    "blocks":["0xff0068","0xff0068","0xff0068","0xe5e5e5","0xff0068","0xe5e5e5","0xff0068","0xe5e5e5","0xff0068","0xe5e5e5","0xff0068","0xe5e5e5"],
    "code":["repeat  (180)  {","       if       { ","              right()","       }","}","up()"],
    "startX":400,
    "startY":400,
    "order":[0,1,2,3,9],
    "row":6,
    "col":2,
    "start":0,
    "scale":0.50,
    "ballScale":0.50,
    "fontSize": 60,
    "textStartY": 200,
    "textGap": 110,
    "textStartX": 1250,
    "color":["0xff0068"],
    "ifcross":[false],
    "ifBoxPos":[1435]
}