{
    "blocks":["0xe5e5e5","0xe5e5e5","0xffa600","0xe5e5e5","0xe5e5e5","0xe5e5e5","0xe5e5e5","0xe5e5e5","0xffa600","0xffa600","0xffa600","0xe5e5e5","0xe5e5e5","0xe5e5e5","0xe5e5e5","0xe5e5e5","0xe5e5e5","0xffa600","0xffa600","0xffa600","0xe5e5e5","0xe5e5e5","0xe5e5e5","0xe5e5e5","0xe5e5e5","0xffa600","0xffa600","0xe5e5e5"],
    "code":["up()","repeat   (3)   {  ","       if        { ","             right()","             right()","       }","       down()"," } "],
    "startX":400, 
    "startY":250,
    "order":[8,2,3,4,10,11,6,12,18],
    "row":6,
    "col":5,
    "start":8,
    "scale":0.50,
    "ballScale":0.50,
    "fontSize": 50,
    "textStartY": 250,
    "textGap": 90,
    "textStartX": 1400,
    "color":["0xffa600"],
    "ifcross":[false],
    "ifBoxPos":[1560]
}