{
    "blocks":["0xe5e5e5","0xe5e5e5","0xe5e5e5","0xe5e5e5","0xec7063 ","0xe5e5e5","0xe5e5e5","0xe5e5e5","0xe5e5e5","0xe5e5e5","0xec7063 ","0x707b7c","0x707b7c ","0x707b7c","0x707b7c"],
    "code":["while       {","      left()","}","down()"],
    "startX":420,
    "startY":350,
    "order":[14,13,12,11,10,0],
    "row":5,
    "col":3,
    "start":14,
    "scale":0.50,
    "ballScale":0.50,
    "fontSize": 60,
    "textStartY": 340,
    "textGap": 95,
    "textStartX": 1400,
    "color":["0x707b7c"],
    "ifcross":[false],
    "ifBoxPos":[1560]
}