{
    "blocks":["0xffa600","0xe5e5e5","0xe5e5e5","0xe5e5e5","0xe5e5e5","0xe5e5e5","0xffa600","0xe5e5e5","0xe5e5e5","0xe5e5e5","0xe5e5e5","0xe5e5e5","0xe5e5e5","0xffa600","0xe5e5e5","0xe5e5e5","0xe5e5e5","0xe5e5e5","0xff0068","0xff0068"],
    "code":["while      {","     down()","     right()","     down()","}"],
    "startX":350,
    "startY":210,
    "order":[0,4,5,9,13,14,18],
    "row":4,
    "col":5,
    "start":0,
    "scale":0.60,
    "ballScale":0.60,
    "fontSize": 65,
    "textStartY": 400,
    "textGap": 100,
    "textStartX": 1300,
    "color":["0xff0068"],
    "ifcross":[true],
    "ifBoxPos":[1470]

}
