{
    "blocks":["0xe5e5e5","0xe5e5e5","0xff0068","0xe5e5e5","0xe5e5e5","0xe5e5e5","0xe5e5e5","0xe5e5e5","0xe5e5e5","0xe5e5e5","0xff0068","0x707b7c","0xff0068","0xf8d800","0xe5e5e5","0xe5e5e5","0xe5e5e5","0xe5e5e5","0xe5e5e5","0xe5e5e5","0xff0068","0xe5e5e5","0xe5e5e5","0xe5e5e5","0xe5e5e5","0xe5e5e5","0xe5e5e5","0xff0068","0xe5e5e5","0xe5e5e5"],
    "code":["while       {","      right()","      left()","      up()"," }"," down()"],
    "startX":250,
    "startY":250,
    "order":[11,6,11,5,11],
    "row":6,
    "col":5,
    "start":11,
    "scale":0.50,
    "ballScale":0.50,
    "fontSize": 50,
    "textStartY": 250,
    "textGap": 85,
    "textStartX": 1500,
    "color":["0x707b7c"],
    "ifcross":[false],
    "ifBoxPos":[1630]
}