{
    "blocks":["0xffa600","0xffa600","0xe5e5e5","0xe5e5e5","0xe5e5e5","0xe5e5e5","0xe5e5e5","0xffa600","0xe5e5e5","0xe5e5e5","0xe5e5e5","0xe5e5e5","0xe5e5e5","0xe5e5e5","0xffa600","0xffa600","0xe5e5e5","0xe5e5e5","0xe5e5e5","0xe5e5e5","0xe5e5e5","0xffa600","0xe5e5e5","0xe5e5e5"],
    "code":["right()","repeat  (3)  {","      if        { ","             down()","      }","} ","right()"],
    "startX":500,
    "startY":300,
    "order":[0,1,7,13,14],
    "row":6,
    "col":4,
    "start":0,
    "scale":0.50,
    "ballScale":0.50,
    "fontSize": 50,
    "textStartY": 250,
    "textGap": 100,
    "textStartX": 1450,
    "color":["0xffa600"],
    "ifcross":[false],
    "ifBoxPos":[1600]
}