{
    "blocks":["0x5dade2 ","0xf4d03f  ","0x5dade2 ","0xf4d03f  ","0xf4d03f  ","0x5dade2 ","0xf4d03f  ","0x5dade2 ","0xf4d03f  ","0x5dade2 ","0xffa600  ","0xffa600 ","0x5dade2 ","0x5dade2 ","0x5dade2 ","0xf4d03f  "],
    "code":["while       {","      left()","      while       { ","           up()","      }","} "],
    "startX":550,
    "startY":300,
    "order":[2,1,13,12,8,4,0,3,15,11],
    "row":4,
    "col":4,
    "start":2,
    "scale":0.50,
    "ballScale":0.50,
    "fontSize": 50,
    "textStartY": 300,
    "textGap": 100,
    "textStartX": 1250,
    "color":["0x5dade2 ","0xf4d03f  "],
    "ifcross":[false],
    "ifBoxPos":[1385,1460]

}
