{
    "blocks":["0xe5e5e5","0xe5e5e5","0xe5e5e5","0xff0068","0xff0068","0xe5e5e5","0xe5e5e5","0xe5e5e5","0xff0068","0xff0068","0xff0068","0xff0068","0xff0068","0xff0068","0xe5e5e5","0xe5e5e5","0xe5e5e5","0xe5e5e5"],
    "code":["right()","repeat  (2)  {","       if       {          ","             right()","       }","    right()","}","down()"],
    "startX":380,
    "startY":400,
    "order":[2,3,4,0,1],
    "row":5,
    "col":3,
    "start":2,
    "scale":0.50,
    "ballScale":0.50,
    "fontSize": 60,
    "textStartY": 200,
    "textGap": 110,
    "textStartX": 1250,
    "color":["0xff0068"],
    "ifcross":[false],
    "ifBoxPos":[1440]
}
