{
    "blocks":["0xff0068","0x707b7c","0xff0068","0x707b7c","0x707b7c","0xff0068","0x707b7c","0xff0068","0x707b7c","0xff0068","0x707b7c","0xff0068","0x707b7c"],
    "code":["left()","if        {","       down()","       right()","}  else {","       right()","}","if        { ","       left()","       up()","}  else {","       right()","}","left()"],
    "startX":600,
    "startY":350,
    "order":[0,2,0,2,11,10],
    "row":3,
    "col":4,
    "start":0,
    "scale":0.50,
    "ballScale":0.50,
    "fontSize": 45,
    "textStartY": 175,
    "textGap": 68,
    "textStartX": 1270,
    "color":["0x707b7c","0xff0068"],
    "ifcross":[false],
    "ifBoxPos":[1340,1340]
}