{
    "blocks":["0xec7063","0xec7063","0xec7063","0xec7063", "0xec7063"],
    "code":["right()","down()","left()","up()"],
        "textsize":[60,60,60,60,60,60], 
            "textcolor":["#ffffff","#ffffff","#ffffff","#ffffff","#ffffff","#ffffff"], 
    "startX":500,
    "startY":516.5,
    "order":[0,1,3,2,0],
    "row":2,
    "col":2,
    "start":0,
    "scale":0.75,
    "ballScale":0.75,
    "fontSize": 60,
    "textStartY": 350,
    "textGap": 100,
    "textStartX": 1350
}
