{"frames":[{"filename":"leveltile1","frame":{"x":0,"y":0,"w":151,"h":151},"rotated":false,"trimmed":false,"spriteSourceSize":{"x":0,"y":0,"w":151,"h":151},"sourceSize":{"w":151,"h":151}},{"filename":"leveltile2","frame":{"x":0,"y":152,"w":151,"h":151},"rotated":false,"trimmed":false,"spriteSourceSize":{"x":0,"y":0,"w":151,"h":151},"sourceSize":{"w":151,"h":151}},{"filename":"leveltile3","frame":{"x":152,"y":0,"w":151,"h":151},"rotated":false,"trimmed":false,"spriteSourceSize":{"x":0,"y":0,"w":151,"h":151},"sourceSize":{"w":151,"h":151}}],"meta":{"app":"https://www.leshylabs.com/apps/sstool/","version":"Leshy SpriteSheet Tool v0.8.4","image":"leveltile.png","size":{"w":303,"h":303},"scale":1}}