{
    "blocks":["0xe83878","0xb6d82a","0xb6d82a","0xffa600","0xe5e5e5","0xe5e5e5","0xe83878","0xb6d82a","0xffa600","0xe5e5e5","0xe5e5e5","0xe5e5e5","0xe83878","0xb6d82a","0xb6d82a","0xb6d82a","0xffa600","0xe5e5e5","0xe83878","0xffa600","0xe5e5e5","0xe5e5e5","0xe5e5e5","0xe5e5e5","0xe83878","0xb6d82a","0xb6d82a","0xb6d82a","0xb6d82a","0xffa600","0xe83878","0xb6d82a","0xffa600","0xe5e5e5","0xe5e5e5","0xe5e5e5"],
    "code":["repeat (6) {","      while      {","           right()","      }","      while      {","           left()","     }","     down()","} "],
    "startX":400,
    "startY":200,
    "order":[0,1,2,3,2,1,0,6,7,8,7,6,12,13,14,15,16,15,14,13,12,18,19,18,24,25,26,27,28,29,28,27,26,25,24,30,31,32,31,30,0],
    "row":6,
    "col":6,
    "start":0,
    "scale":0.50,
    "ballScale":0.50,
    "fontSize": 60,
    "textStartY":160,
    "textGap": 90,
    "textStartX": 1350,
    "color":["0xffa600","0xe83878"],
    "ifcross":[true,true],
    "ifBoxPos":[1595,1595]


}