{
    "blocks":["0xe5e5e5","0xe5e5e5","0xe5e5e5","0xe5e5e5","0xe5e5e5","0xe5e5e5","0xe5e5e5","0xe5e5e5","0xe5e5e5","0xe5e5e5","0xe5e5e5","0xe5e5e5","0xe5e5e5","0xe5e5e5","0x454545","0xe5e5e5","0xe5e5e5","0xe5e5e5","0x454545","0xe5e5e5","0xe5e5e5","0xe5e5e5","0xe5e5e5","0xe5e5e5","0xe5e5e5","0xe5e5e5","0x454545","0xe5e5e5","0x454545","0xe5e5e5","0xe5e5e5","0xe5e5e5","0xe5e5e5","0xe5e5e5","0xe5e5e5","0xe5e5e5","0x454545","0x454545","0x454545","0x454545","0x454545","0xe5e5e5","0xe5e5e5","0xe5e5e5","0xe5e5e5","0xe5e5e5","0x454545","0x454545","0xe83878","0x454545","0xe83878","0x454545","0x454545","0xe5e5e5","0xe5e5e5","0xe5e5e5","0xe5e5e5","0xe5e5e5","0x454545","0x454545","0x454545","0x454545","0x454545","0xe5e5e5","0xe5e5e5","0xe5e5e5","0xe5e5e5","0xe5e5e5","0x454545","0xe5e5e5","0x454545","0xe5e5e5","0x454545","0xe5e5e5","0x454545","0xe5e5e5","0xe5e5e5","0xe5e5e5","0x454545","0xe5e5e5","0xe5e5e5","0xe5e5e5","0xe5e5e5","0xe5e5e5","0xe5e5e5","0xe5e5e5","0x454545","0xe5e5e5","0xe5e5e5","0xe5e5e5","0xe5e5e5","0xe5e5e5","0xe5e5e5","0xe5e5e5","0xe5e5e5","0xe5e5e5","0xe5e5e5","0xe5e5e5","0xe5e5e5","0xe5e5e5","0xe5e5e5"],
    "code":["function choice (){","      if         { ","            fromBelow()","      }","      if         {","            fromAbove()","      }","}","function  fromAbove () {","      up()","      right()","      right() ","      down() ","      left()","      choice()","}","function  fromBelow () { ","      down() ","      right()","      right()","      up()","      left()","      choice()","}","choice()"],
    "startX":300,
    "startY":200,
    "order":[46,57,58,59,48,47,58,59,60,49,48,37,38,39,50,49,60,61,62,51,50,39,40,41,52,51,62,63,64,53,52,63,64,65,54,53],
    "row":11,
    "col":9,
    "start":46,
    "scale":0.3,
    "ballScale":0.3,
    "fontSize": 30,
    "textStartY":80,
    "textGap": 41,
    "textStartX": 1400,
    "color":["0x454545","0xe83878"],
    "ifcross":[false,false],
    "ifBoxPos":[1495,1495]

}