{
    "blocks":["0xe5e5e5","0xe5e5e5","0xe5e5e5","0xe5e5e5","0xe5e5e5","0xe5e5e5","0xe5e5e5","0xe5e5e5","0xe5e5e5","0xe5e5e5","0xe5e5e5","0xe5e5e5","0xe5e5e5","0xe5e5e5","0xb6d82a","0xb6d82a","0xe5e5e5","0xe5e5e5","0xe5e5e5","0x454545","0xe5e5e5","0xe5e5e5","0xe5e5e5","0xb6d82a","0xb6d82a","0xe5e5e5","0xe5e5e5","0xb6d82a","0xb6d82a","0xb6d82a","0xe5e5e5","0x454545","0x454545","0x454545","0xe5e5e5","0xb6d82a","0xb6d82a","0xb6d82a","0xe5e5e5","0xe5e5e5","0xe5e5e5","0xb6d82a","0xb6d82a","0xb6d82a","0x454545","0x454545","0x454545","0xb6d82a","0xb6d82a","0xb6d82a","0xe5e5e5","0xe5e5e5","0xe5e5e5","0xe5e5e5","0xe5e5e5","0xe5e5e5","0x454545","0x454545","0x454545","0x454545","0x454545","0xe5e5e5","0xe5e5e5","0xe5e5e5","0xe5e5e5","0xe5e5e5","0xe5e5e5","0x454545","0x454545","0x454545","0xf8d800","0x454545","0xf8d800","0x454545","0x454545","0x454545","0xe5e5e5","0xe5e5e5","0xe5e5e5","0xe5e5e5","0x454545","0xe5e5e5","0x454545","0x454545","0x454545","0x454545","0x454545","0xe5e5e5","0x454545","0xe5e5e5","0xe5e5e5","0xe5e5e5","0xe5e5e5","0xe5e5e5","0xe5e5e5","0xe5e5e5","0x454545","0xe5e5e5","0x454545","0xe5e5e5","0xe5e5e5","0xe5e5e5","0xe5e5e5","0xe5e5e5","0xe5e5e5","0xe5e5e5","0xe5e5e5","0xe5e5e5","0xe5e5e5","0x454545","0xe5e5e5","0x454545","0xe5e5e5","0xe5e5e5","0xe5e5e5","0xe5e5e5","0xe5e5e5","0xe5e5e5","0xe5e5e5","0xe5e5e5","0xe5e5e5","0xe5e5e5","0xe5e5e5","0xe5e5e5","0xe5e5e5","0xe5e5e5","0xe5e5e5","0xe5e5e5","0xe5e5e5","0xe5e5e5"],
    "code":["function  choice () {","       if       { ","              while       { ","                   left()","                   down()","              }","              choice()","       }  else { ","              while       { ","                   down()","                   right()","              }","       }","       right()","}","choice()"],
    "startX":300,
    "startY":150,
    "order":[72,71,84,83,96,95,108,107,120,119,2,1,14,27,28,41,42,55,56,69,70,71,72],
    "row":13,
    "col":10,
    "start":72,
    "scale":0.3,
    "ballScale":0.3,
    "fontSize": 40,
    "textStartY":100,
    "textGap": 61,
    "textStartX": 1400,
    "color":["0xf8d800","0xb6d82a","0xf8d800"],
    "ifcross":[false,true,true],
    "ifBoxPos":[1525,1645,1650]

}