{
    "blocks":["0xffa600","0xffa600","0xffa600","0xffa600","0xffa600","0xb6d82a","0xb6d82a","0xb6d82a","0xb6d82a","0xb6d82a","0xffa600","0xffa600","0xffa600","0xffa600","0xffa600","0xb6d82a","0xb6d82a","0xb6d82a","0xb6d82a","0xb6d82a","0xffa600","0xffa600","0xffa600","0xffa600","0xffa600"],
    "code":["repeat (4)  {","       repeat (4)  {","             if       { ","                    left()","             }  else {","                    right()","             }","       }","       up()","} "],
    "startX":400,
    "startY":230,
    "order":[20,21,22,23,24,19,18,17,16,15,10,11,12,13,14,9,8,7,6,5,0],
    "row":5,
    "col":5,
    "start":20,
    "scale":0.60,
    "ballScale":0.60,
    "fontSize": 50,
    "textStartY":180,
    "textGap": 80,
    "textStartX": 1350,
    "color":["0xffa600"],
    "ifcross":[true],
    "ifBoxPos":[1585]


}