{
    "blocks":["0xaa11dd","0x223344","0xaa11dd","0xaa11dd","0x223344","0xaa11dd","0xaa11dd","0x223344","0xaa11dd"],
    "code":["count = 45","for ( start i = 3 ; i < 7 ; increase i by 1 ) {","         print(count)","count = count + i","}"],
    "text":["42","45","46","52","48","51","57","60","52"], 
    "textsize":[60,60,60,60,60,60,60,60,60], 
    "textcolor":["#ffffff","#ffffff","#ffffff","#ffffff","#ffffff","#ffffff","#ffffff","#ffffff","#ffffff"], 
    "startX":500,
    "startY":350,
    "order":[0,1,4,3,6],
    "row":3,
    "col":3,
    "start":0,
    "scale":0.75,
    "ballScale":0.75,
    "fontSize": 50,
    "textStartY": 350,
    "textGap": 90,
    "textStartX": 1150,
    "Hint" : "You will learn about if block in level 1",
    "HintColor":"#ffffff",
    "BorderColor":"0xFFFF00 "
}