{
    "blocks":["0xec7063","0xec7063","0xec7063","0xec7063", "0xec7063", "0xec7063", "0xec7063","0xec7063", "0xec7063"],
    "code":["for ( start i = 0 ; i < 7 ; increase by 2 ) {","         print(i)","}"],
    "text":["0","5","9","2","4","1","8","6","3"], 
    "textsize":[60,60,60,60,60,60,60,60,60], 
	"textcolor":["#ffffff","#ffffff","#ffffff","#ffffff","#ffffff","#ffffff","#ffffff","#ffffff","#ffffff"], 
    "startX":500,
    "startY":350,
    "order":[0,3,4,7],
    "row":3,
    "col":3,
    "start":0,
    "scale":0.75,
    "ballScale":0.75,
    "fontSize": 50,
    "textStartY": 350,
    "textGap": 90,
    "textStartX": 1150,
    "Hint" : "You will learn about if block in level 1",
    "HintColor":"#ffffff",
    "BorderColor":"0xFFFF00 "
}