{
    "blocks":["0xb6d82a","0xb6d82a","0xb6d82a","0xb6d82a"],
    "code":["function  toTheRight ()  {","       right()","       right()","       right()","}","","left()","toTheRight ()"],
    "startX":450,
    "startY":500,
    "order":[1,0,1,2,3],
    "row":4,
    "col":1,
    "start":1,
    "scale":0.75,
    "ballScale":0.75,
    "fontSize": 50,
    "textStartY":300,
    "textGap": 80,
    "textStartX": 1300,
    "color":["0xffa60"],
    "ifcross":[true],
    "ifBoxPos":[1630]

}