{
    "blocks":["0x29cbd3","0x29cbd3","0x29cbd3","0x29cbd3","0x29cbd3","0x29cbd3","0x29cbd3","0x29cbd3","0xf8d800","0x29cbd3","0x29cbd3","0x29cbd3","0x29cbd3","0x29cbd3","0x29cbd3","0x29cbd3","0x29cbd3","0x29cbd3","0x29cbd3","0x29cbd3","0x29cbd3","0x29cbd3","0x29cbd3","0x29cbd3","0x29cbd3","0x29cbd3","0x29cbd3","0x29cbd3","0xb6d82a","0xb6d82a","0xb6d82a","0x29cbd3","0xb6d82a","0xb6d82a","0xb6d82a","0xb6d82a","0xb6d82a","0xb6d82a","0x29cbd3","0xb6d82a","0xb6d82a","0xb6d82a"],
    "code":["function jump ()  {","       up()","       right()","       right()","       down()","}","function run ()  {","       right()","       right()","}","run()","jump()","run()"],
    "startX":400,
    "startY":200,
    "order":[21,22,23,16,17,18,25,26,27],
    "row":7,
    "col":6,
    "start":21,
    "scale":0.50,
    "ballScale":0.50,
    "fontSize": 50,
    "textStartY":70,
    "textGap": 75,
    "textStartX": 1450,
    "color":["0xffa60"],
    "ifcross":[true],
    "ifBoxPos":[1630]

}