{
    "blocks":["0x8843bb","0xbb4333","0x8843bb","0x8843bb","0xbb4333","0x8843bb","0x8843bb","0xbb4333","0x8843bb"],
    "code":["for ( start i = 200 ; i >= 40; decrease by 40 ) {","         print(i)","}"],
    "text":["120","80","40","160","200","100","90","30","86"], 
    "textsize":[60,60,60,60,60,60,60,60,60], 
    "textcolor":["#ffffff","#ffffff","#ffffff","#ffffff","#ffffff","#ffffff","#ffffff","#ffffff","#ffffff"], 
    "startX":500,
    "startY":350,
    "order":[4,3,0,1,2],
    "row":3,
    "col":3,
    "start":4,
    "scale":0.75,
    "ballScale":0.75,
    "fontSize": 50,
    "textStartY": 350,
    "textGap": 90,
    "textStartX": 1150,
    "Hint" : "You will learn about if block in level 1",
    "HintColor":"#ffffff",
    "BorderColor":"0xFFFF00"
}