{
    "blocks":["0xff336b","0xec7063","0xff336b","0xec7063","0xff336b","0xec7063","0xec7063","0xff336b","0xec7063"],
    "code":["for ( start i = 10 ; i >= 7; decrease i by 1 ) {","         print(i)","         print(i-1)","         print(i)","}"],
    "text":["12","9","10","7","8","11","6","5","2"], 
    "textsize":[60,60,60,60,60,60,60,60,60], 
    "textcolor":["#ffffff","#ffffff","#ffffff","#ffffff","#ffffff","#ffffff","#ffffff","#ffffff","#ffffff"], 
    "startX":500,
    "startY":350,
    "order":[5,2,1,2,1,4,1,4,3,4,3,6,3,6],
    "row":3,
    "col":3,
    "start":5,
    "scale":0.75,
    "ballScale":0.75,
    "fontSize": 50,
    "textStartY": 350,
    "textGap": 90,
    "textStartX": 1150,
    "Hint" : "You will learn about if block in level 1",
    "HintColor":"#ffffff",
    "BorderColor":"0xFFFF00 "
}