{
    "blocks":["0x454545","0x29cbd3","0x454545","0x29cbd3","0xe83878","0x29cbd3","0x454545","0x29cbd3","0xb6d82a","0xe5e5e5","0xe5e5e5","0xe5e5e5","0xe5e5e5","0x29cbd3","0xe5e5e5","0xe5e5e5","0xe5e5e5","0xe5e5e5","0xe5e5e5","0xe5e5e5","0xe5e5e5","0xe5e5e5","0x454545","0x29cbd3","0xe83878","0x29cbd3","0xb6d82a","0xe5e5e5","0xe5e5e5","0xe5e5e5","0xe5e5e5","0xe5e5e5","0xe5e5e5","0x29cbd3","0xe5e5e5","0xe5e5e5","0xe5e5e5","0xe5e5e5","0xe5e5e5","0xe5e5e5","0xe5e5e5","0xe5e5e5","0x454545","0x29cbd3","0xb6d82a"],
    "code":["function road () {","       right()","       right()","       if      { ","             bypass()","      }","       if      {","             road()","       } ","} ","function bypass () {","      down()","      down()","}","road()"],
    "startX":150,
    "startY":250,
    "order":[0,1,2,3,4,13,22,23,24,33,42,43,44],
    "row":9,
    "col":5,
    "start":0,
    "scale":0.50,
    "ballScale":0.50,
    "fontSize": 50,
    "textStartY":100,
    "textGap": 65,
    "textStartX": 1500,
    "color":["0xe83878","0x343132"],
    "ifcross":[false,false],
    "ifBoxPos":[1650,1650]


}