{
    "blocks":["0x0a908b","0x959da8","0x959da8","0x0a908b","0x959da8","0x0a908b","0x959da8","0x0a908b","0x959da8"],
    "code":["     x=1","1.  left()","2.  down()","3.  While(x<2):","4.    If(x%2 == 0):","5.      print(x,\"even\")","6.    Else:","7.      print(x,\"odd\")","8.    x=x+1"],
    "text":["1  even","","","2  odd","","1 odd","","2  even",""], 
    "textsize":[75,75,75,75,75,75,75,75,75], 
	"textcolor":["#ffffff","#ffffff","#ffffff","#ffffff","#ffffff","#ffffff","#ffffff","#ffffff","#ffffff"], 
    "startX":500,
    "startY":290.5,
    "order":[2,1,4,5],
    "row":3,
    "col":3,
    "start":2,
    "scale":0.75,
    "ballScale":0.75,
    "fontSize": 50,
    "textStartY": 130,
    "textGap": 90,
    "textStartX": 1350,
    "Hint" : "Using if-else condition inside a while loop",
    "HintColor":"#8d1023",
    "BorderColor":"0xFFFF00 "
}




