{
    "blocks":["0x0a908b","0x959da8","0x0a908b","0x959da8","0x959da8","0x0a908b"],
    "code":["     x=2","1.  right()","2.  up()","3.  While(x<=10):","4.    If x==8:","5.      break","6.    print(x)","7.    x=x+2"],
    "text":["2\n4\n6","","2\n4","","","2\n4\n8"], 
    "textsize":[57,57,57,57,57,57], 
	"textcolor":["#ffffff","#ffffff","#ffffff","#ffffff","#ffffff","#ffffff"], 
    "startX":500,
    "startY":350.5,
    "order":[3,4,1,0],
    "row":3,
    "col":2,
    "start":3,
    "scale":1.00,
    "ballScale":0.75,
    "fontSize": 55,
    "textStartY": 170,
    "textGap": 95,
    "textStartX": 1350,
    "Hint" : "Break statement is used to terminate a running loop",
    "HintColor":"#8d1023",
    "BorderColor":"0xFFFF00 "
}







