{
    "blocks":["0x7b7729","0x7b7729","0x959da8","0x7b7729","0x7b7729","0x7b7729","0x959da8","0x7b7729"],
    "code":["     i=2","1.  down()","2.  While i<=4:","3.    print(i ** 2)","4.    i+=1"],
    "text":["4\n9\n15","4\n9","","4\n6","4\n9\n18","4\n6\n8","","4\n9\n16"], 
    "textsize":[53,53,53,53,53,53,53,53], 
	"textcolor":["#ffffff","#ffffff","#ffffff","#ffffff","#ffffff","#ffffff","#ffffff","#ffffff"], 
    "startX":300,
    "startY":350.5,
    "order":[2,6,7],
    "row":4,
    "col":2,
    "start":2,
    "scale":1.00,
    "ballScale":0.75,
    "fontSize": 60,
    "textStartY": 295,
    "textGap": 100,
    "textStartX": 1380,
    "Hint" : "A while loop repeatedly executes a set of statements as long as a condition is true",
    "HintColor":"#632369",
    "BorderColor":"0xFFFF00 "
}
