{
    "blocks":["0x0a908b","0x0a908b","0x0a908b","0x0a908b","0x0a908b","0x0a908b","0x959da8","0x959da8","0x0a908b","0x959da8","0x959da8","0x959da8"],
    "code":["     p=-5","1.  down()","2.  right()","3.  up()","4.  While p>0:","5.    print(\"Positive\")","6.  Else:","7.    print(\"Negative\")"],
    "text":["5","0","-1","1","Positive","-5","","","Negative","","",""], 
    "textsize":[75,75,75,75,65,75,75,75,65,75,75,75], 
	"textcolor":["#ffffff","#ffffff","#ffffff","#ffffff","#ffffff","#ffffff","#ffffff","#ffffff","#ffffff","#ffffff","#ffffff","#ffffff"], 
    "startX":450,
    "startY":170.5,
    "order":[6,9,10,7,8],
    "row":3,
    "col":4,
    "start":6,
    "scale":0.75,
    "ballScale":0.75,
    "fontSize": 55,
    "textStartY": 110,
    "textGap": 100,
    "textStartX": 1280,
    "Hint" : "A while loop can have an else statement immediately after it, that should be performed when the condition becomes false",
    "HintColor":"#8d1023",
    "BorderColor":"0xFFFF00 "
}





