{
    "blocks":["0x959da8","0x959da8","0x7b7729","0x959da8","0x7b7729","0x7b7729","0x7b7729","0x7b7729","0x7b7729"],
    "code":["     total=0","     x=1","1.  left()","2.  down()","3.  While x<=2:","4.    total=total+x","5.    x=x+1","6.  print(total)"],
    "text":["","","5","","2","0","3","1","4"], 
    "textsize":[75,75,75,75,75,75,75,75,75], 
	"textcolor":["#ffffff","#ffffff","#ffffff","#ffffff","#ffffff","#ffffff","#ffffff","#ffffff","#ffffff"], 
    "startX":500,
    "startY":290.5,
    "order":[1,0,3,6],
    "row":3,
    "col":3,
    "start":1,
    "scale":0.75,
    "ballScale":0.75,
    "fontSize": 50,
    "textStartY": 180,
    "textGap": 90,
    "textStartX": 1350,
    "Hint" : "Sum of numbers between 1 and 2",
    "HintColor":"#632369",
    "BorderColor":"0xFFFF00 "
}



