{
    "blocks":["0x7b7729","0x7b7729","0x7b7729","0x959da8","0x7b7729","0x7b7729","0x7b7729","0x959da8","0x959da8","0x959da8","0x959da8","0x7b7729","0x959da8","0x959da8","0x7b7729","0x7b7729"],
    "code":["     p=1","     q=2","1.  up()","2.  right()","3.  While p+1<5:","4.    p+=1","5.    q+=1","6.  print(q)"],
    "text":["1","0","8","","7","4","2","","","","","5","","","3","6"], 
    "textsize":[85,85,85,85,85,85,85,85,85,85,85,85,85,85,85,85], 
	"textcolor":["#ffffff","#ffffff","#ffffff","#ffffff","#ffffff","#ffffff","#ffffff","#ffffff","#ffffff","#ffffff","#ffffff","#ffffff","#ffffff","#ffffff","#ffffff","#ffffff"], 
    "startX":420,
    "startY":190.5,
    "order":[13,9,10,11],
    "row":4,
    "col":4,
    "start":13,
    "scale":0.75,
    "ballScale":0.75,
    "fontSize": 55,
    "textStartY": 140,
    "textGap": 100,
    "textStartX": 1350,
    "Hint" : "A while loop repeatedly executes a set of statements as long as a condition is true",
    "HintColor":"#934D38",
    "BorderColor":"0xFFFF00 "
}