{
    "blocks":["0xc64a4a","0xc64a4a","0x959da8","0x959da8","0xc64a4a","0xc64a4a"],
    "code":["     x=10","     y=30","1.  left()","2.  While x<=20 and y<=40:","3.    print(x,y)","4.    x=x+10","5.    y=y+10"],
    "text":["10  30\n20  40","20\n40","","","10\n30","10  20\n30  40"], 
    "textsize":[60,60,60,60,60,60], 
	"textcolor":["#ffffff","#ffffff","#ffffff","#ffffff","#ffffff","#ffffff"], 
    "startX":550,
    "startY":230.5,
    "order":[3,2,0],
    "row":2,
    "col":3,
    "start":3,
    "scale":0.90,
    "ballScale":0.75,
    "fontSize": 40,
    "textStartY": 175,
    "textGap": 100,
    "textStartX": 1300,
    "Hint" : "The loop checks for two conditions",
    "HintColor":"#328031",
    "BorderColor":"0xFFFF00 "
}


