{
    "blocks":["0x387e93","0x959da8","0x387e93","0x959da8","0x387e93","0x387e93"],
    "code":["     z=1","1.  down()","2.  While(z<=5):","3.    If z==3:","4.      break","5.    print(z)","6.    z=z+1"],
    "text":["3","","1\n2","","1","1\n3"], 
    "textsize":[80,80,80,80,80,80], 
	"textcolor":["#ffffff","#ffffff","#ffffff","#ffffff","#ffffff","#ffffff"], 
    "startX":550,
    "startY":300.5,
    "order":[1,3,2],
    "row":2,
    "col":3,
    "start":1,
    "scale":0.75,
    "ballScale":0.75,
    "fontSize": 55,
    "textStartY": 230,
    "textGap": 90,
    "textStartX": 1300,
    "Hint" : "Break statement is used to stop the loop even in the true condition",
    "HintColor":"#934D38",
    "BorderColor":"0xFFFF00 "
}


