{
    "blocks":["0x959da8","0x959da8","0x387e93","0x387e93","0x387e93","0x387e93"],
    "code":["     x=10","1.  right()","2.  While x<=20:","3.    print(x)","4.    x=x+10"],
    "text":["","","20\n10","20","10\n20","10"], 
    "textsize":[70,70,70,70,70,70], 
	"textcolor":["#ffffff","#ffffff","#ffffff","#ffffff","#ffffff","#ffffff"], 
    "startX":600,
    "startY":500.5,
    "order":[0,1,4],
    "row":3,
    "col":2,
    "start":0,
    "scale":0.75,
    "ballScale":0.75,
    "fontSize": 60,
    "textStartY": 350,
    "textGap": 100,
    "textStartX": 1350,
    "Hint" : "Note: Execute from line no. 1\nA while loop repeatedly executes a set of statements as long as a condition is true",
    "HintColor":"#934D38",
    "BorderColor":"0xFFFF00 "
}
