{
    "blocks":["0xc64a4a","0xc64a4a","0xc64a4a","0xc64a4a","0x959da8","0x959da8","0x959da8","0x959da8","0xc64a4a"],
    "code":["     p=1","1.  right()","2.  up()","3.  right()","4.  While(p<10):","5.    If p==5:","6.      break","7.    print(p)","8.    p=p+2"],
    "text":["2\n3","2","1\n3","1","","","","","1\n2"], 
    "textsize":[75,75,75,75,75,75,75,75,75], 
	"textcolor":["#ffffff","#ffffff","#ffffff","#ffffff","#ffffff","#ffffff","#ffffff","#ffffff","#ffffff"], 
    "startX":500,
    "startY":290.5,
    "order":[6,7,4,5,2],
    "row":3,
    "col":3,
    "start":6,
    "scale":0.75,
    "ballScale":0.75,
    "fontSize": 50,
    "textStartY": 120,
    "textGap": 93,
    "textStartX": 1350,
    "Hint" : "Break statement is used to terminate a running loop",
    "HintColor":"#328031",
    "BorderColor":"0xFFFF00 "
}



