{
    "blocks":["0x387e93","0x387e93","0x959da8","0x959da8","0x959da8","0x387e93"],
    "code":["1.  up()","2.  right()","3.  For i in \"abc\":","4.    If i==\"a\":","5.      continue","6.    print(i)"],
    "text":["a\nb","b\nc","","","","b\na"], 
    "textsize":[75,75,75,75,75,75], 
	"textcolor":["#ffffff","#ffffff","#ffffff","#ffffff","#ffffff","#ffffff"], 
    "startX":550,
    "startY":300.5,
    "order":[4,2,3,1],
    "row":2,
    "col":3,
    "start":4,
    "scale":0.75,
    "ballScale":0.75,
    "fontSize": 55,
    "textStartY": 250,
    "textGap": 100,
    "textStartX": 1300,
    "Hint" : "The continue instruction ends the current iteration of the nearest enclosing loop",
    "HintColor":"#934D38",
    "BorderColor":"0xFFFF00 "
}


