{
    "blocks":["0x387e93","0x959da8","0x387e93","0x387e93","0x959da8","0x959da8","0x387e93","0x387e93","0x387e93"],
    "code":["     n=3","1.  down()","2.  right()","3.  While(n>0):","4.    print(n)","5.    n-=1"],
    "text":["3\n2","","3\n2\n1","2\n1\n3","","","3","2\n1","1\n2\n3"], 
    "textsize":[57,57,57,57,57,57,57,57,57], 
	"textcolor":["#ffffff","#ffffff","#ffffff","#ffffff","#ffffff","#ffffff","#ffffff","#ffffff","#ffffff"], 
    "startX":500,
    "startY":270.5,
    "order":[1,4,5,2],
    "row":3,
    "col":3,
    "start":1,
    "scale":0.90,
    "ballScale":0.75,
    "fontSize": 60,
    "textStartY": 180,
    "textGap": 130,
    "textStartX": 1350,
    "Hint" : "The while loop must have an increment or decrement operation",
    "HintColor":"#934D38",
    "BorderColor":"0xFFFF00 "
}
