{
    "blocks":["0xc64a4a","0xc64a4a","0xc64a4a","0x959da8","0xc64a4a","0x959da8","0x959da8","0xc64a4a"],
    "code":["     a=5","1.  up()","2.  While(a<=10):","3.    If(a%2 == 0):","4.      print(a,\"even\")","5.    Else:","6.      print(a,\"odd\")","7.    a=a+5"],
    "text":["5 odd","5 odd\n10 even","5 odd\n6 even","","10 even","","","5 even"], 
    "textsize":[65,65,65,65,65,65,65,65], 
	"textcolor":["#ffffff","#ffffff","#ffffff","#ffffff","#ffffff","#ffffff","#ffffff","#ffffff"], 
    "startX":600,
    "startY":170.5,
    "order":[5,3,1],
    "row":2,
    "col":4,
    "start":5,
    "scale":0.80,
    "ballScale":0.75,
    "fontSize": 57,
    "textStartY": 130,
    "textGap": 100,
    "textStartX": 1350,
    "Hint" : "Using if-else condition inside a while loop",
    "HintColor":"#328031",
    "BorderColor":"0xFFFF00 "
}
