{
    "blocks":["0x387e93","0x387e93","0x387e93","0x387e93","0x959da8","0x959da8","0x387e93","0x387e93","0x959da8","0x959da8","0x959da8","0x387e93"],
    "code":["     z=0","1.  left()","2.  up()","3.  right()","4.  While z<=2:","5.    z+=1","6.    If z==2:","7.      continue","8.    print(z)"],
    "text":["2","1\n3","1","2\n3","","","1\n2","3\n1","","","","2\n1"], 
    "textsize":[70,70,70,70,70,70,70,70,70,70,70,70], 
	"textcolor":["#ffffff","#ffffff","#ffffff","#ffffff","#ffffff","#ffffff","#ffffff","#ffffff","#ffffff","#ffffff","#ffffff","#ffffff"], 
    "startX":450,
    "startY":260.5,
    "order":[9,8,4,5,1],
    "row":4,
    "col":3,
    "start":9,
    "scale":0.75,
    "ballScale":0.75,
    "fontSize": 50,
    "textStartY": 120,
    "textGap": 90,
    "textStartX": 1280,
    "Hint" : "Continue statement is used to stop the current iteration & to continue in next execution",
    "HintColor":"#934D38",
    "BorderColor":"0xFFFF00 "
}