{
    "blocks":["0x0a908b","0x959da8","0x0a908b","0x959da8","0x959da8","0x0a908b","0x959da8","0x0a908b","0x0a908b"],
    "code":["     x=0","1.  up()","2.  right()","3.  up()","4.  While x<=20:","5.    x=x+10","6.    If x==10:","7.      continue","8.    print(x)"],
    "text":["10\n20","","20\n30","","","10\n20\n30","","10\n30","30\n20"], 
    "textsize":[70,70,70,70,70,58,70,70,70], 
	"textcolor":["#ffffff","#ffffff","#ffffff","#ffffff","#ffffff","#ffffff","#ffffff","#ffffff","#ffffff"], 
    "startX":500,
    "startY":270.5,
    "order":[6,3,4,1,2],
    "row":3,
    "col":3,
    "start":6,
    "scale":0.77,
    "ballScale":0.75,
    "fontSize": 50,
    "textStartY": 130,
    "textGap": 85,
    "textStartX": 1350,
    "Hint" : "Continue statement is used to stop the current iteration & to continue in next execution",
    "HintColor":"#8d1023",
    "BorderColor":"0xFFFF00 "
}



