{
    "blocks":["0x387e93","0x387e93","0x959da8","0x959da8","0x387e93","0x387e93"],
    "code":["     sum=0","     y=1","1.  right()","2.  While y<=3:","3.    sum=sum+y","4.    y=y+1","5.  print(sum)"],
    "text":["1","5","","","0","6"], 
    "textsize":[80,80,80,80,80,80], 
	"textcolor":["#ffffff","#ffffff","#ffffff","#ffffff","#ffffff","#ffffff"], 
    "startX":550,
    "startY":300.5,
    "order":[2,3,5],
    "row":2,
    "col":3,
    "start":2,
    "scale":0.75,
    "ballScale":0.75,
    "fontSize": 55,
    "textStartY": 230,
    "textGap": 90,
    "textStartX": 1300,
    "Hint" : "Sum of numbers between 1 and 3",
    "HintColor":"#934D38",
    "BorderColor":"0xFFFF00 "
}


