{
    "blocks":["0xaa62a1","0x959da8","0xaa62a1","0xaa62a1","0x959da8","0xaa62a1"],
    "code":["up()","print(abs(-5))"],
    "text":["5","","-5","5.0","","5.5"], 
    "textsize":[83,75,79,75,75,75], 
	"textcolor":["#ffffff","#ffffff","#ffffff","#ffffff","#ffffff","#ffffff"], 
    "startX":500,
    "startY":380.5,
    "order":[4,1,0],
    "row":3,
    "col":2,
    "start":4,
    "scale":0.75,
    "ballScale":0.75,
    "fontSize": 60,
    "textStartY": 350,
    "textGap": 100,
    "textStartX": 1350,
    "Hint" : "Printing the absolute value of a number",
    "HintColor":"#10738b",
    "BorderColor":"0xFFFF00 "
}
