{
    "blocks":["0xaa62a1","0xaa62a1","0xaa62a1","0xaa62a1","0x959da8","0x959da8","0x959da8","0xaa62a1","0x959da8","0x959da8","0xaa62a1","0xaa62a1"],
    "code":["down()","right()","up()","right()","i=10","j=5","print(i/j)"],
    "text":["-2","50","2.0","2.01","","","","2","","","10/5","15"], 
    "textsize":[75,75,75,75,75,75,75,75,75,75,75,75], 
	"textcolor":["#ffffff","#ffffff","#ffffff","#ffffff","#ffffff","#ffffff","#ffffff","#ffffff","#ffffff","#ffffff","#ffffff","#ffffff"], 
    "startX":380,
    "startY":280.5,
    "order":[4,8,9,5,6,2],
    "row":4,
    "col":3,
    "start":4,
    "scale":0.75,
    "ballScale":0.75,
    "fontSize": 60,
    "textStartY": 185,
    "textGap": 100,
    "textStartX": 1450,
    "Hint" : "‘/’ operator divides the left operand by righ operand",
    "HintColor":"#10738b",
    "BorderColor":"0xFFFF00 "
}
