{
    "blocks":["0x959da8","0x959da8","0xaa62a1","0xaa62a1","0x959da8","0xaa62a1"],
    "code":["right()","down()","n=15-5","print(n)"],
    "text":["","","n","15-5","","10"], 
    "textsize":[70,70,95,70,70,75], 
	"textcolor":["#ffffff","#ffffff","#ffffff","#ffffff","#ffffff","#ffffff"], 
    "startX":500,
    "startY":400.5,
    "order":[0,1,4,5],
    "row":3,
    "col":2,
    "start":0,
    "scale":0.75,
    "ballScale":0.75,
    "fontSize": 60,
    "textStartY": 350,
    "textGap": 100,
    "textStartX": 1350,
    "Hint" : "‘-’ operator is used to subtract two numbers",
    "HintColor":"#10738b",
    "BorderColor":"0xFFFF00 "
}
