{
    "blocks":["0x3d8aa7","0x959da8","0x959da8","0x3d8aa7","0x959da8","0x3d8aa7","0x3d8aa7","0x3d8aa7","0x3d8aa7"],
    "code":["left()","down()","m=3","n=-2","print(m*n)"],
    "text":["3*-2","","","6","","5","1","-6","-1"], 
    "textsize":[75,85,85,85,85,85,85,85,85], 
	"textcolor":["#ffffff","#ffffff","#ffffff","#ffffff","#ffffff","#ffffff","#ffffff","#ffffff","#ffffff"], 
    "startX":500,
    "startY":310.5,
    "order":[2,1,4,7],
    "row":3,
    "col":3,
    "start":2,
    "scale":0.75,
    "ballScale":0.75,
    "fontSize": 60,
    "textStartY": 300,
    "textGap": 100,
    "textStartX": 1350,
    "Hint" : "In multiplication, when one number is -ve then o/p will also be -ve",
    "HintColor":"#8e2877",
    "BorderColor":"0xFFFF00 "
}
