{
    "blocks":["0x0a908b","0x959da8","0x0a908b","0x959da8","0x0a908b","0x0a908b"],
    "code":["down()","x=10","print(abs(x))"],
    "text":["abs(10)","","10.0","","-10","10"], 
    "textsize":[73,75,75,75,75,75], 
	"textcolor":["#ffffff","#ffffff","#ffffff","#ffffff","#ffffff","#ffffff"], 
    "startX":550,
    "startY":300.5,
    "order":[1,3,5],
    "row":2,
    "col":3,
    "start":1,
    "scale":0.75,
    "ballScale":0.75,
    "fontSize": 60,
    "textStartY": 320,
    "textGap": 100,
    "textStartX": 1300,
    "Hint" : "Printing the absolute value of a number",
    "HintColor":"#8d1023",
    "BorderColor":"0xFFFF00 "
}


