{
    "blocks":["0x3d8aa7","0x959da8","0x3d8aa7","0x3d8aa7","0x959da8","0x3d8aa7"],
    "code":["down()","y=10","y*=3","print(y)"],
    "text":["3","","13","10","","30"], 
    "textsize":[85,75,80,75,75,75], 
	"textcolor":["#ffffff","#ffffff","#ffffff","#ffffff","#ffffff","#ffffff"], 
    "startX":500,
    "startY":400.5,
    "order":[1,4,5],
    "row":3,
    "col":2,
    "start":1,
    "scale":0.75,
    "ballScale":0.75,
    "fontSize": 60,
    "textStartY": 350,
    "textGap": 100,
    "textStartX": 1350,
    "Hint" : "Incrementing using multiplication",
    "HintColor":"#8e2877",
    "BorderColor":"0xFFFF00 "
}



















