{
    "blocks":["0x3d8aa7","0x959da8","0x959da8","0x3d8aa7","0x3d8aa7","0x959da8","0x3d8aa7","0x3d8aa7","0x3d8aa7"],
    "code":["up()","left()","print(((5+10)*10)/3)"],
    "text":["50.0","","","58","50.01","","50","55","50.00"], 
    "textsize":[85,85,85,85,80,85,85,85,80], 
	"textcolor":["#ffffff","#ffffff","#ffffff","#ffffff","#ffffff","#ffffff","#ffffff","#ffffff","#ffffff"], 
    "startX":500,
    "startY":280.5,
    "order":[5,2,1,0],
    "row":3,
    "col":3,
    "start":5,
    "scale":0.75,
    "ballScale":0.75,
    "fontSize": 60,
    "textStartY": 300,
    "textGap": 100,
    "textStartX": 1350,
    "Hint" : "Python evaluates the innermost parentheses first, then the outer ones, & then the final division operator",
    "HintColor":"#8e2877",
    "BorderColor":"0xFFFF00 "
}
