{
    "blocks":["0x959da8","0x959da8","0x0a908b","0x0a908b","0x0a908b","0x0a908b"],
    "code":["right()","x=18","y=-3","print(x/y)"],
    "text":["","","-6.0","6.0","-6","6"], 
    "textsize":[75,75,75,75,75,75], 
	"textcolor":["#ffffff","#ffffff","#ffffff","#ffffff","#ffffff","#ffffff"], 
    "startX":500,
    "startY":400.5,
    "order":[0,1,2],
    "row":3,
    "col":2,
    "start":0,
    "scale":0.75,
    "ballScale":0.75,
    "fontSize": 60,
    "textStartY": 350,
    "textGap": 100,
    "textStartX": 1350,
    "Hint" : "In division, when one operand is -ve then o/p will also be -ve",
    "HintColor":"#8d1023",
    "BorderColor":"0xFFFF00 "
}
