{
    "blocks":["0x0a908b","0x0a908b","0x959da8","0x959da8","0x0a908b","0x0a908b"],
    "code":["right()","x=7","x+=2","print(x)"],
    "text":["2","9","","","14","7"], 
    "textsize":[80,80,75,75,75,80], 
	"textcolor":["#ffffff","#ffffff","#ffffff","#ffffff","#ffffff","#ffffff"], 
    "startX":550,
    "startY":300.5,
    "order":[2,3,1],
    "row":2,
    "col":3,
    "start":2,
    "scale":0.75,
    "ballScale":0.75,
    "fontSize": 60,
    "textStartY": 320,
    "textGap": 100,
    "textStartX": 1300,
    "Hint" : "Incrementing the value of variable x by 2",
    "HintColor":"#8d1023",
    "BorderColor":"0xFFFF00 "
}