{
    "blocks":["0xc64a4a","0xc64a4a","0xc64a4a","0x959da8","0xc64a4a","0x959da8"],
    "code":["     p=-10","1.  up()","2.  If(p>5):","3.    print(\"positive\")","4.    If(p<=10):","5.      print(p)","6.    Else:","7.      print(p-1)","8.  Else:","9.    print(\"negative\")"],
    "text":["-10","positive","negative","","-11",""], 
    "textsize":[70,70,70,70,70,70], 
	"textcolor":["#ffffff","#ffffff","#ffffff","#ffffff","#ffffff","#ffffff"], 
    "startX":550,
    "startY":300.5,
    "order":[5,3,2],
    "row":2,
    "col":3,
    "start":5,
    "scale":0.75,
    "ballScale":0.75,
    "fontSize": 45,
    "textStartY": 100,
    "textGap": 80,
    "textStartX": 1300,
    "Hint" : "We can have an if, elif, else statement inside another if, elif, else statement",
    "HintColor":"#328031",
    "BorderColor":"0xFFFF00 "
}


