{
    "blocks":["0x7b7729","0x7b7729","0x959da8","0x7b7729","0x959da8","0x7b7729","0x7b7729","0x7b7729"],
    "code":["     n=28","1.  up()","2.  If n==0:","3.    print(0)","4.  If n%5==3:","5.    print(n)","6.  If n<20:","7.    print(n-1)"],
    "text":["27","0","","28","","3","26","n"], 
    "textsize":[85,85,85,85,85,85,85,85], 
	"textcolor":["#ffffff","#ffffff","#ffffff","#ffffff","#ffffff","#ffffff","#ffffff","#ffffff"], 
    "startX":600,
    "startY":200.5,
    "order":[4,2,3],
    "row":2,
    "col":4,
    "start":4,
    "scale":0.75,
    "ballScale":0.75,
    "fontSize": 60,
    "textStartY": 150,
    "textGap": 100,
    "textStartX": 1350,
    "Hint" : "An if statement enables a program to conditionally execute certain instructions",
    "HintColor":"#632369",
    "BorderColor":"0xFFFF00 "
}
