{
    "blocks":["0x959da8","0x959da8","0x387e93","0x959da8","0x387e93","0x387e93","0x959da8","0x387e93","0x387e93"],
    "code":["     x=0","1.  right()","2.  If(x>0):","3.    print(\"positive\")","4.  ElIf(x<0):","5.    print(\"negative\")","6.  Else:","7.    print(\"zero\")"],
    "text":["","","zero","","positive","negative","","0","1"], 
    "textsize":[70,70,70,70,70,70,70,70,70], 
	"textcolor":["#ffffff","#ffffff","#ffffff","#ffffff","#ffffff","#ffffff","#ffffff","#ffffff","#ffffff"], 
    "startX":500,
    "startY":290.5,
    "order":[0,1,2],
    "row":3,
    "col":3,
    "start":0,
    "scale":0.75,
    "ballScale":0.75,
    "fontSize": 50,
    "textStartY": 150,
    "textGap": 100,
    "textStartX": 1350,
    "Hint" : "If-elif-else statements allows us to check for multiple expressions",
    "HintColor":"#934D38",
    "BorderColor":"0xFFFF00 "
}
