{
    "blocks":["0x959da8","0x959da8","0x959da8","0x7b7729","0x7b7729","0x7b7729","0x7b7729","0x7b7729"],
    "code":["     s=\"Orange\"","1.  left()","2.  down()","3.  If(s==\"Red\"):","4.    print(\"color\")","5.  ElIf(s==\"Orange\"):","6.    print(\"fruit\")","7.  Else:","8.    print(\"flower\")"],
    "text":["","","","color","fruit","Orange","Red","flower"], 
    "textsize":[85,85,85,85,85,80,85,85], 
	"textcolor":["#ffffff","#ffffff","#ffffff","#ffffff","#ffffff","#ffffff","#ffffff","#ffffff"], 
    "startX":600,
    "startY":200.5,
    "order":[1,0,2,4],
    "row":2,
    "col":4,
    "start":1,
    "scale":0.75,
    "ballScale":0.75,
    "fontSize": 50,
    "textStartY": 100,
    "textGap": 90,
    "textStartX": 1350,
    "Hint" : "Once an elif statement is evaluated as true, no further statements are checked",
    "HintColor":"#632369",
    "BorderColor":"0xFFFF00 "
}
