{
    "blocks":["0x387e93","0x387e93","0x959da8","0x959da8","0x959da8","0x387e93","0x387e93","0x959da8","0x959da8","0x387e93","0x387e93","0x959da8"],
    "code":["     fruit=\"Apple\"","1.  left()","2.  up()","3.  left()","4.  If(fruit==\"apple\"):","5.    print(fruit)","6.  print(\"Orange\")"],
    "text":["Apple","fruit","","","","\"Apple\"","Orange","","","apple","\"Orange\"",""], 
    "textsize":[75,75,75,75,75,75,75,75,75,75,68,75], 
	"textcolor":["#ffffff","#ffffff","#ffffff","#ffffff","#ffffff","#ffffff","#ffffff","#ffffff","#ffffff","#ffffff","#ffffff","#ffffff"], 
    "startX":500,
    "startY":170.5,
    "order":[8,7,4,3,6],
    "row":3,
    "col":4,
    "start":8,
    "scale":0.75,
    "ballScale":0.75,
    "fontSize": 50,
    "textStartY": 160,
    "textGap": 100,
    "textStartX": 1400,
    "Hint" : "If the boolean expression evaluates to False, then the  statements outside the if statement is executed",
    "HintColor":"#934D38",
    "BorderColor":"0xFFFF00 "
}
