{
    "blocks":["0x959da8","0x387e93","0x387e93","0x959da8","0x959da8","0x387e93"],
    "code":["     y=26","1.  down()","2.  right()","3.  If(y%5 ==0):","4.    print(y)","5.  Else:","6.    print(y-6)"],
    "text":["","20","y","","","26"], 
    "textsize":[85,85,85,85,85,85], 
	"textcolor":["#ffffff","#ffffff","#ffffff","#ffffff","#ffffff","#ffffff"], 
    "startX":500,
    "startY":380.5,
    "order":[0,3,4,1],
    "row":3,
    "col":2,
    "start":0,
    "scale":0.75,
    "ballScale":0.75,
    "fontSize": 60,
    "textStartY": 180,
    "textGap": 100,
    "textStartX": 1350,
    "Hint" : "If the condition is True, body of if statement is executed. And if the condition is False, body of else statement will be executed",
    "HintColor":"#934D38",
    "BorderColor":"0xFFFF00 "
}
