{
    "blocks":["0x387e93","0x959da8","0x387e93","0x387e93","0x959da8","0x387e93"],
    "code":["     name=\"John\"","1.  down()","2.  If(name==\"John\"):","3.    print(1)"],
    "text":["\"John\"","","John","0","","1"], 
    "textsize":[75,75,75,85,75,85], 
	"textcolor":["#ffffff","#ffffff","#ffffff","#ffffff","#ffffff","#ffffff"], 
    "startX":600,
    "startY":500.5,
    "order":[1,4,5],
    "row":3,
    "col":2,
    "start":1,
    "scale":0.75,
    "ballScale":0.75,
    "fontSize": 50,
    "textStartY": 350,
    "textGap": 100,
    "textStartX": 1350,
    "Hint" : "Note: Execute from line no. 1\nIf the boolean expression evaluates to TRUE, then the block of statements inside the if statement is executed",
    "HintColor":"#934D38",
    "BorderColor":"0xFFFF00 "
}
