{
    "blocks":["0xc64a4a","0x959da8","0x959da8","0xc64a4a","0xc64a4a","0xc64a4a","0xc64a4a","0x959da8","0x959da8"],
    "code":["     name=\"Einstein\"","1.  left()","2.  If(name==\"Einstein\"):","3.    print(\"Scientist\")","4.  Else:","5.    print(\"Doctor\")"],
    "text":["Doctor","","","Einstein","Scientist","\"Doctor\"","\"Scientist\"","",""], 
    "textsize":[60,60,60,60,60,60,57,60,60], 
	"textcolor":["#ffffff","#ffffff","#ffffff","#ffffff","#ffffff","#ffffff","#ffffff","#ffffff","#ffffff"], 
    "startX":500,
    "startY":280.5,
    "order":[2,1,4],
    "row":3,
    "col":3,
    "start":2,
    "scale":0.75,
    "ballScale":0.75,
    "fontSize": 50,
    "textStartY": 220,
    "textGap": 100,
    "textStartX": 1350,
    "Hint" : "If the condition is True, body of if statement is executed. And if the condition is False, body of else statement will be executed",
    "HintColor":"#328031",
    "BorderColor":"0xFFFF00 "
}
