{
    "blocks":["0x387e93","0x387e93","0x387e93","0x959da8","0x387e93","0x959da8"],
    "code":["     x=7","1.  up()","2.  If x<10:","3.    print(x)","4.  If x%2 != 0:","5.    print(\"odd\")"],
    "text":["0","even","7","","odd",""], 
    "textsize":[80,80,80,80,80,80], 
	"textcolor":["#ffffff","#ffffff","#ffffff","#ffffff","#ffffff","#ffffff"], 
    "startX":550,
    "startY":300.5,
    "order":[5,3,1],
    "row":2,
    "col":3,
    "start":5,
    "scale":0.75,
    "ballScale":0.75,
    "fontSize": 60,
    "textStartY": 250,
    "textGap": 100,
    "textStartX": 1300,
    "Hint" : "An if statement enables a program to conditionally execute certain instructions",
    "HintColor":"#934D38",
    "BorderColor":"0xFFFF00 "
}


