{
    "blocks":["0x7b7729","0x7b7729","0x7b7729","0x959da8","0x7b7729","0x959da8","0x7b7729","0x959da8","0x7b7729","0x959da8","0x959da8","0x7b7729"],
    "code":["     n=100","1.  right()","2.  up()","3.  If n>=99:","4.    print(n)","5.  ElIf n%5 ==0:","6.    print(n-1)"],
    "text":["0","100-1","98","","99","","100","","1","","","n-1"], 
    "textsize":[80,80,80,80,80,80,80,80,80,80,80,80], 
	"textcolor":["#ffffff","#ffffff","#ffffff","#ffffff","#ffffff","#ffffff","#ffffff","#ffffff","#ffffff","#ffffff","#ffffff","#ffffff"], 
    "startX":450,
    "startY":170.5,
    "order":[9,10,7,6],
    "row":3,
    "col":4,
    "start":9,
    "scale":0.75,
    "ballScale":0.75,
    "fontSize": 55,
    "textStartY": 150,
    "textGap": 100,
    "textStartX": 1280,
    "Hint" : "Once an elif statement is evaluated as true, no further elif statements are checked",
    "HintColor":"#632369",
    "BorderColor":"0xFFFF00 "
}
