{
    "blocks":["0x28b28d","0x28b28d","0xabb3be","0xabb3be","0x28b28d","0x28b28d"],
    "code":["left()","print(\"Good \"+\"Morning\")"],
    "text":["GoodMorning","Good morning","","","Good Morning","Goodmorning"], 
    "textsize":[40,40,40,40,40,40], 
	"textcolor":["#ffffff","#ffffff","#ffffff","#ffffff","#ffffff","#ffffff"], 
    "startX":500,
    "startY":300.5,
    "order":[3,2,4],
    "row":2,
    "col":3,
    "start":3,
    "scale":0.90,
    "ballScale":0.75,
    "fontSize": 50,
    "textStartY": 350,
    "textGap": 100,
    "textStartX": 1350,
    "Hint" : "+  is used to join 2 words into a single line ",
    "HintColor":"#be2b96",
    "BorderColor":"0xFFFF00 "
}
