{
    "blocks":["0x5f8ec4","0x5f8ec4","0x5f8ec4","0x5f8ec4","0xabb3be","0x5f8ec4","0x5f8ec4","0xabb3be","0x5f8ec4"],
    "code":["up()","x=10","print(bool(x))"],
    "text":["False","bool(10)","bool()","10","","True","bool(x)","","\"10\""], 
    "textsize":[65,62,65,65,65,65,65,65,65], 
	"textcolor":["#ffffff","#ffffff","#ffffff","#ffffff","#ffffff","#ffffff","#ffffff","#ffffff","#ffffff"], 
    "startX":500,
    "startY":300.5,
    "order":[7,4,5],
    "row":3,
    "col":3,
    "start":7,
    "scale":0.75,
    "ballScale":0.75,
    "fontSize": 60,
    "textStartY": 350,
    "textGap": 100,
    "textStartX": 1350,
    "Hint" : "The bool() function can be used to cast any value to a Boolean",
    "HintColor":"#c3144b",
    "BorderColor":"0xFFFF00 "
}
