{
    "blocks":["0xabb3be","0xabb3be","0xabb3be","0xec7063","0xec7063","0xec7063"],
    "code":["left()","down()","print(\"Hello\",\"world\")"],
    "text":["","","","Helloworld","Hello world","Hello World"], 
    "textsize":[50,50,50,50,50,50], 
	"textcolor":["#ffffff","#ffffff","#ffffff","#ffffff","#ffffff","#ffffff"], 
    "startX":500,
    "startY":300.5,
    "order":[1,0,2,4],
    "row":2,
    "col":3,
    "start":1,
    "scale":0.75,
    "ballScale":0.75,
    "fontSize": 60,
    "textStartY": 350,
    "textGap": 100,
    "textStartX": 1350,
    "Hint" : ", is used to print multiple words in a line ",
    "HintColor":"#148493",
    "BorderColor":"0xFFFF00 "
}
