{
    "blocks":["0xabb3be","0xabb3be","0x5ebea1","0x5ebea1","0x5ebea1","0x5ebea1"],
    "code":["right()","a=5","b=5","print(a+b)"],
    "text":["","","10","55","555","5"], 
    "textsize":[65,65,65,65,65,65], 
	"textcolor":["#ffffff","#ffffff","#ffffff","#ffffff","#ffffff","#ffffff"], 
    "startX":500,
    "startY":370.5,
    "order":[0,1,2],
    "row":3,
    "col":2,
    "start":0,
    "scale":0.75,
    "ballScale":0.75,
    "fontSize": 60,
    "textStartY": 350,
    "textGap": 100,
    "textStartX": 1350,
    "Hint" : "Adding two numbers",
    "HintColor":"#c3144b",
    "BorderColor":"0xFFFF00 "
   
}