{
    "blocks":["0x5f8ec4","0xabb3be","0xabb3be","0x5f8ec4","0x5f8ec4","0x5f8ec4"],
    "code":[" left() "," print(55)"],
    "text":["55","","","555","5","5555"], 
    "textsize":[63,60,61,60,63,59], 
	"textcolor":["#ffffff","#ffffff","#ffffff","#ffffff","#ffffff","#ffffff"], 
    "startX":500,
    "startY":400.5,
    "order":[2,1,0],
    "row":3,
    "col":2,
    "start":2,
    "scale":0.75,
    "ballScale":0.75,
    "fontSize": 60,
    "textStartY": 350,
    "textGap": 100,
    "textStartX": 1350,
    "Hint" : "Basics of print statement",
    "HintColor":"#e22560",
    "BorderColor":"0xFFFF00 "
}
