{
    "blocks":["0x28b28d","0xabb3be","0xabb3be","0xabb3be","0x28b28d","0x28b28d"],
    "code":["down()","left()","print(\" Hi \\'Joe\\' \")"],
    "text":["Hi Joe","","","","Hi 'Joe'","Hi \\'Joe\\'"], 
    "textsize":[76,73,60,60,76,69.5], 
	"textcolor":["#ffffff","#ffffff","#ffffff","#ffffff","#ffffff","#ffffff"], 
    "startX":500,
    "startY":310.5,
    "order":[1,3,2,4],
    "row":2,
    "col":3,
    "start":1,
    "scale":0.75,
    "ballScale":0.75,
    "fontSize": 60,
    "textStartY": 350,
    "textGap": 100,
    "textStartX": 1350,
    "Hint" : "Escape character ('\\') is used before the character to be escaped",
    "HintColor":"#be2b96",
    "BorderColor":"0xFFFF00 "
}
