{
    "blocks":["0x789fcc","0x789fcc","0xabb3be","0xabb3be","0xabb3be","0x789fcc"],
    "code":["up()","right()","print(\"rock\"+\"star\")"],
    "text":["rock+star","rockstar","","","","rock star"], 
    "textsize":[50,57,50,50,50,55], 
	"textcolor":["#ffffff","#ffffff","#ffffff","#ffffff","#ffffff","#ffffff"], 
    "startX":500,
    "startY":310.5,
    "order":[4,2,3,1],
    "row":2,
    "col":3,
    "start":4,
    "scale":0.75,
    "ballScale":0.75,
    "fontSize": 60,
    "textStartY": 350,
    "textGap": 100,
    "textStartX": 1350,
    "Hint" : "+  is used to join 2 words into a single line ",
    "HintColor":"#c3144b",
    "BorderColor":"0xFFFF00 "
}
