{
    "blocks":["0xec7063","0xec7063","0xabb3be","0xabb3be","0xec7063","0xabb3be"],
    "code":["up()","left()","print(ord(\"A\"))"],
    "text":["A","ord(A)","","","65",""], 
    "textsize":[65,65,65,65,65,65], 
	"textcolor":["#ffffff","#ffffff","#ffffff","#ffffff","#ffffff","#ffffff"], 
    "startX":500,
    "startY":270.5,
    "order":[5,3,2,4],
    "row":2,
    "col":3,
    "start":5,
    "scale":0.75,
    "ballScale":0.75,
    "fontSize": 60,
    "textStartY": 350,
    "textGap": 100,
    "textStartX": 1350,
    "Hint" : "ord() method returns the unicode code point value of character",
    "HintColor":"#148493",
    "BorderColor":"0xFFFF00 "
}
