{
    "blocks":["0x959da8","0x7b7729","0x7b7729","0x959da8","0x7b7729","0x7b7729","0x7b7729","0x7b7729","0x7b7729"],
    "code":["     x=2","1.  down()","2.  While x<3:","3.    print(x)","4.    x=x+1","5.  Else:","6.    print(\"x>=3\")"],
    "text":["","2\n3","x>=3","","2\nx>=3","0","2","1","3"], 
    "textsize":[75,75,75,75,75,75,75,75,75], 
	"textcolor":["#ffffff","#ffffff","#ffffff","#ffffff","#ffffff","#ffffff","#ffffff","#ffffff","#ffffff"], 
    "startX":500,
    "startY":290.5,
    "order":[0,3,4],
    "row":3,
    "col":3,
    "start":0,
    "scale":0.75,
    "ballScale":0.75,
    "fontSize": 50,
    "textStartY": 180,
    "textGap": 100,
    "textStartX": 1350,
    "Hint" : "A while loop can have an else statement immediately after it, that should be performed when the condition becomes false",
    "HintColor":"#632369",
    "BorderColor":"0xFFFF00 "
}



