{
    "blocks":["0x0a908b","0x0a908b","0x959da8","0x959da8","0x0a908b","0x959da8","0x0a908b","0x0a908b"],
    "code":["     q=10","1.  right()","2.  down()","3.  While q<5:","4.    print(q)","5.    q+=1","6.  Else:","7.    print(0)"],
    "text":["10\n12","10\n11","","","0","","10\n0","10"], 
    "textsize":[75,75,75,75,75,75,75,75], 
	"textcolor":["#ffffff","#ffffff","#ffffff","#ffffff","#ffffff","#ffffff","#ffffff","#ffffff"], 
    "startX":600,
    "startY":180.5,
    "order":[2,3,5,4],
    "row":2,
    "col":4,
    "start":2,
    "scale":0.75,
    "ballScale":0.75,
    "fontSize": 55,
    "textStartY": 130,
    "textGap": 100,
    "textStartX": 1350,
    "Hint" : "An else statement should be performed when the condition becomes false",
    "HintColor":"#8d1023",
    "BorderColor":"0xFFFF00 "
}





