{
    "blocks":["0xc64a4a","0xc64a4a","0xc64a4a","0xc64a4a","0x959da8","0x959da8","0xc64a4a","0x959da8","0xc64a4a","0x959da8","0x959da8","0x959da8","0xc64a4a","0xc64a4a","0xc64a4a","0x959da8"],
    "code":["     z=10","1.  left()","2.  up()","3.  left()","4.  While(z<=50):","5.    If z==30:","6.      break","7.    print(z)","8.    z=z+10"],
    "text":["10\n20","30","20","0","","","20\n10","","10","","","","20\n30","50","1",""], 
    "textsize":[70,70,70,70,70,70,70,70,70,70,70,70,70,70,70,70], 
	"textcolor":["#ffffff","#ffffff","#ffffff","#ffffff","#ffffff","#ffffff","#ffffff","#ffffff","#ffffff","#ffffff","#ffffff","#ffffff","#ffffff","#ffffff","#ffffff","#ffffff"], 
    "startX":420,
    "startY":170.5,
    "order":[10,9,5,4,0],
    "row":4,
    "col":4,
    "start":10,
    "scale":0.75,
    "ballScale":0.75,
    "fontSize": 55,
    "textStartY": 110,
    "textGap": 90,
    "textStartX": 1350,
    "Hint" : "Break statement is used to stop the loop even in the true condition",
    "HintColor":"#328031",
    "BorderColor":"0xFFFF00 "
}





