{
    "blocks":["0x387e93","0x387e93","0x959da8","0x387e93","0x959da8","0x387e93","0x959da8","0x959da8","0x387e93","0x387e93","0x387e93","0x387e93"],
    "code":["     sum=0","     n=1","1.  right()","2.  up()","3.  While n<=5:","4.    sum=sum+n","5.    n=n+1","6.  print(sum)"],
    "text":["23","12","","15","","10","","","18","25","16","20"], 
    "textsize":[75,75,75,75,75,75,75,75,75,75,75,75], 
	"textcolor":["#ffffff","#ffffff","#ffffff","#ffffff","#ffffff","#ffffff","#ffffff","#ffffff","#ffffff","#ffffff","#ffffff","#ffffff"], 
    "startX":450,
    "startY":190.5,
    "order":[6,7,4,3],
    "row":3,
    "col":4,
    "start":6,
    "scale":0.75,
    "ballScale":0.75,
    "fontSize": 55,
    "textStartY": 130,
    "textGap": 100,
    "textStartX": 1280,
    "Hint" : "Sum of numbers between 1 and 5",
    "HintColor":"#934D38",
    "BorderColor":"0xFFFF00 "
}