{
    "blocks":["0x387e93","0x387e93","0x959da8","0x387e93","0x959da8","0x959da8","0x387e93","0x387e93"],
    "code":["     q=0","1.  left()","2.  up()","3.  While q<=1:","4.    q=q+1","5.    If q==1:","6.      continue","7.    print(q)"],
    "text":["2","0","","1","","","1\n2","3"], 
    "textsize":[85,85,85,85,85,85,85,85], 
	"textcolor":["#ffffff","#ffffff","#ffffff","#ffffff","#ffffff","#ffffff","#ffffff","#ffffff"], 
    "startX":600,
    "startY":170.5,
    "order":[5,4,2,0],
    "row":2,
    "col":4,
    "start":5,
    "scale":0.80,
    "ballScale":0.75,
    "fontSize": 57,
    "textStartY": 130,
    "textGap": 100,
    "textStartX": 1350,
    "Hint" : "The continue instruction ends the current iteration of the nearest enclosing loop",
    "HintColor":"#934D38",
    "BorderColor":"0xFFFF00 "
}





