{
    "blocks":["0x959da8","0x0a908b","0x0a908b","0x0a908b","0x959da8","0x0a908b","0x0a908b","0x959da8","0x0a908b","0x0a908b","0x0a908b","0x959da8"],
    "code":["","     x=0","1.  down()","2.  While x<=2:","3.    x=x+1","4.    If x==2:","5.      continue","6.    print(x)"],
    "text":["","3","2\n1","0","","3\n1","1\n3","","1","2","1\n2",""], 
    "textsize":[75,75,75,75,75,75,75,75,75,75,75,75], 
	"textcolor":["#ffffff","#ffffff","#ffffff","#ffffff","#ffffff","#ffffff","#ffffff","#ffffff","#ffffff","#ffffff","#ffffff","#ffffff"], 
    "startX":450,
    "startY":170.5,
    "order":[4,7,6],
    "row":3,
    "col":4,
    "start":4,
    "scale":0.75,
    "ballScale":0.75,
    "fontSize": 55,
    "textStartY": 70,
    "textGap": 100,
    "textStartX": 1280,
    "Hint" : "Continue statement is used to stop the current iteration and to continue in next execution",
    "HintColor":"#8d1023",
    "BorderColor":"0xFFFF00 "
}





