{
    "blocks":["0x7b7729","0x7b7729","0x7b7729","0x7b7729","0x959da8","0x959da8","0x7b7729","0x959da8","0x959da8"],
    "code":["     a=0","1.  down()","2.  left()","3.  up()","4.  While(a<=2):","5.    a=a+1","6.    If a==1:","7.      continue","8.    print(a)"],
    "text":["1","2\n3","1\n3","1\n2","","","2","",""], 
    "textsize":[75,75,75,75,75,75,75,75,75], 
	"textcolor":["#ffffff","#ffffff","#ffffff","#ffffff","#ffffff","#ffffff","#ffffff","#ffffff","#ffffff"], 
    "startX":500,
    "startY":290.5,
    "order":[5,8,7,4,1],
    "row":3,
    "col":3,
    "start":5,
    "scale":0.75,
    "ballScale":0.75,
    "fontSize": 50,
    "textStartY": 150,
    "textGap": 85,
    "textStartX": 1350,
    "Hint" : "Continue statement is used to stop the current iteration and to continue in next execution",
    "HintColor":"#632369",
    "BorderColor":"0xFFFF00 "
}



