{
    "blocks":["0x959da8","0x0a908b","0x0a908b","0x959da8","0x959da8","0x0a908b","0x0a908b","0x0a908b","0x0a908b"],
    "code":["     m=1","     n=2","1.  down()","2.  right()","3.  While m<2 and n<3:","4.    print(m,n)","5.    m=m+1","6.    n=n+1"],
    "text":["","1   2","1","","","1   3","2","2   3","3"], 
    "textsize":[70,70,70,70,70,58,70,70,70], 
	"textcolor":["#ffffff","#ffffff","#ffffff","#ffffff","#ffffff","#ffffff","#ffffff","#ffffff","#ffffff"], 
    "startX":500,
    "startY":270.5,
    "order":[0,3,4,1],
    "row":3,
    "col":3,
    "start":0,
    "scale":0.77,
    "ballScale":0.75,
    "fontSize": 50,
    "textStartY": 180,
    "textGap": 85,
    "textStartX": 1350,
    "Hint" : "The loop checks for two conditions",
    "HintColor":"#8d1023",
    "BorderColor":"0xFFFF00 "
}



