{
    "blocks":["0xec7063","0xec7063","0xec7063","0xec7063","0x959da8","0x959da8"],
    "code":["     m=1","1.  left()","2.  While(m<=3):","3.    If(m%2 == 0):","4.      print(0)","5.    Else:","6.      print(1)","7.    m=m+1"],
    "text":["0\n1\n0","1\n1\n0","1\n1\n1","1\n0\n1","",""], 
    "textsize":[57,57,57,57,57,57], 
	"textcolor":["#ffffff","#ffffff","#ffffff","#ffffff","#ffffff","#ffffff"], 
    "startX":500,
    "startY":380.5,
    "order":[5,4,3],
    "row":3,
    "col":2,
    "start":5,
    "scale":1.00,
    "ballScale":0.75,
    "fontSize": 56,
    "textStartY": 160,
    "textGap": 100,
    "textStartX": 1350,
    "Hint" : "Using if-else condition inside a while loop",
    "HintColor":"#148493",
    "BorderColor":"0xFFFF00 "
}



