{
    "blocks":["0x959da8","0x959da8","0x959da8","0xc64a4a","0x959da8","0xc64a4a","0xc64a4a","0xc64a4a"],
    "code":["     j=1","1.  up()","2.  right()","3.  right()","4.  While j<=2:","5.    print(j**2)","6.    j=j+1"],
    "text":["","","","1\n2","","4","1\n4","1"], 
    "textsize":[70,70,70,70,70,70,70,70], 
	"textcolor":["#ffffff","#ffffff","#ffffff","#ffffff","#ffffff","#ffffff","#ffffff","#ffffff"], 
    "startX":420,
    "startY":350.5,
    "order":[4,0,1,2,6],
    "row":4,
    "col":2,
    "start":4,
    "scale":0.75,
    "ballScale":0.75,
    "fontSize": 55,
    "textStartY": 200,
    "textGap": 100,
    "textStartX": 1380,
    "Hint" : "A while loop repeatedly executes a set of statements as long as a condition is true",
    "HintColor":"#328031",
    "BorderColor":"0xFFFF00 "
}



