{
    "blocks":["0xc64a4a","0x959da8","0xc64a4a","0xc64a4a","0x959da8","0xc64a4a"],
    "code":["     q=1","1.  up()","2.  While(q<=2):","3.    If q==2:","4.      break","5.    print(q)","6.    q=q+1"],
    "text":["1","","2","3","","4"], 
    "textsize":[80,80,80,80,80,80], 
	"textcolor":["#ffffff","#ffffff","#ffffff","#ffffff","#ffffff","#ffffff"], 
    "startX":600,
    "startY":400.5,
    "order":[4,1,0],
    "row":3,
    "col":2,
    "start":4,
    "scale":0.75,
    "ballScale":0.75,
    "fontSize": 55,
    "textStartY": 200,
    "textGap": 97,
    "textStartX": 1350,
    "Hint" : "Break statement is used to stop the loop even in the true condition",
    "HintColor":"#328031",
    "BorderColor":"0xFFFF00 "
}




