{
    "blocks":["0xF0D7EC","0x04798F","0xF0D7EC","0x04798F","0xF0D7EC","0xF0D7EC","0x04798F","0xF0D7EC","0x04798F","0xF0D7EC","0xF0D7EC","0x04798F","0xF0D7EC","0x04798F","0xF0D7EC","0xF0D7EC","0x04798F","0xF0D7EC","0x04798F","0xF0D7EC"],
    "code":["function  shake () {","       right()","       left()","       right()","       left()","       left()","}","function  dance () {","       shake()","       up()","       down()","       up()","       down()","}","dance()","dance()","down()","down()"],
    "text":[], 
    "textsize":[], 
    "textcolor":[],
    "startX":400,
    "startY":350,
    "order":[8,9,8,9,8,7,2,7,2,7,8,7,8,7,6,1,6,1,6,11,16],
    "row":5,
    "col":4,
    "start":8,
    "scale":0.55,
    "ballScale":0.70,
    "fontSize": 40,
    "textStartY":100,
    "textGap": 55,
    "textStartX": 1450,
    "color":["0xffa60"],
    "ifcross":[true],
    "ifBoxPos":[1630],
    "Hint" : "",
    "HintColor":"",
    "BorderColor":""
}