{
    "blocks":["0xb782ed","0xb782ed","0xb782ed","0xb782ed"],
    "code":["threeLeft ()"," ","function  threeLeft ()  {","       left()","       left()","       left()","} "],
    "text":[], 
    "textsize":[], 
    "textcolor":[],
    "startX":450,
    "startY":500,
    "order":[3,2,1,0],
    "row":4,
    "col":1,
    "start":3,
    "scale":0.75,
    "ballScale":0.75,
    "fontSize": 50,
    "textStartY":300,
    "textGap": 68,
    "textStartX": 1300,
    "color":["0xffa60"],
    "ifcross":[true],
    "ifBoxPos":[1630],
    "Hint" : "",
    "HintColor":"",
    "BorderColor":""
}
