{
    "blocks":["0x47CF88","0xE29E32","0x47CF88","0xE29E32","0x47CF88","0xE29E32","0x47CF88","0xE29E32","0x47CF88","0xE29E32","0x47CF88","0xE29E32","0x47CF88","0xE29E32","0x47CF88","0xE29E32","0x47CF88","0xE29E32","0x47CF88","0xE29E32","0x47CF88","0xE29E32","0x47CF88","0xE29E32","0x47CF88","0xE29E32","0x47CF88","0xE29E32","0x47CF88","0xE29E32","0x47CF88","0xE29E32","0x47CF88","0xE29E32","0x47CF88","0xE29E32","0x47CF88","0xE29E32","0x47CF88","0xE29E32","0x47CF88","0xE29E32","0x47CF88","0xE29E32","0x0000FF","0x0000FF","0x0000FF","0x0000FF","0xe83878","0x0000FF","0xe83878","0x0000FF","0x0000FF","0x0000FF","0x0000FF","0x47CF88","0xE29E32","0x47CF88","0xE29E32","0x47CF88","0xE29E32","0x47CF88","0xE29E32","0x47CF88","0xE29E32","0x47CF88","0xE29E32","0x47CF88","0xE29E32","0x47CF88","0xE29E32","0x47CF88","0xE29E32","0x47CF88","0xE29E32","0x47CF88","0xE29E32","0x47CF88","0xE29E32","0x47CF88","0xE29E32","0x47CF88","0xE29E32","0x47CF88","0xE29E32","0x47CF88","0xE29E32","0x47CF88","0xE29E32","0x47CF88","0xE29E32","0x47CF88","0xE29E32","0x47CF88","0xE29E32","0x47CF88","0xE29E32","0x47CF88","0xE29E32"],
    "code":["function mode (){","      if         { ","            ground()","      }","      if         {","            air()","      }","}","function  air () {","      up()","      right()","      right() ","      down() ","      mode()","}","function  ground () { ","      down() ","      right()","      right()","      up()","      mode()","}","mode()"],
    "text":[], 
    "textsize":[], 
    "textcolor":[],
    "startX":300,
    "startY":200,
    "order":[46,57,58,59,48,37,38,39,50,39,40,41,52,63,64,65,54],
    "row":11,
    "col":9,
    "start":46,
    "scale":0.3,
    "ballScale":0.3,
    "fontSize": 30,
    "textStartY":80,
    "textGap": 41,
    "textStartX": 1400,
    "color":["0x0000FF","0xe83878"],
    "ifcross":[false,false],
    "ifBoxPos":[1495,1495],
    "Hint" : "",
    "HintColor":"",
    "BorderColor":""
}