{
    "blocks":["0xD886A","0xD886A","0xD886A","0xD886A","0xD886A","0xD886A","0xD886A","0x444444","0x444444","0x444444","0x444444","0xb6d82a","0x444444","0x444444","0xFFC774","0xFFC774","0xFFC774","0xFFC774","0x444444","0xFFC774","0xFFC774","0xFFC774","0xFFC774","0xFFC774","0xFFC774","0x444444","0x444444","0x444444","0xD886A","0xD886A","0xD886A","0xD886A","0xD886A","0xD886A","0xD886A"],
    "code":["function path () {","      right()","      left()","      right()","      right()","      if       { ","            turn()","      }  else  {","             path()","      } ","} ","function  turn () {","      down()","      up()","      down()","      down()","      path()","}","path()"],
    "text":[], 
    "textsize":[], 
    "textcolor":[], 
    "startX":300,
    "startY":300,
    "order":[7,8,7,8,9,10,9,10,11,18,11,18,25,26,25,26,27], 
    "row":7,
    "col":5,
    "start":7,
    "scale":0.50,
    "ballScale":0.50,
    "fontSize": 40,
    "textStartY":75,
    "textGap": 52,
    "textStartX": 1400,
    "color":["0xb6d82a"],
    "ifcross":[false],
    "ifBoxPos":[1515],
    "Hint" : "",
    "HintColor":"",
    "BorderColor":""
}