{
    "blocks":["0xe67e22","0xe5e5e5","0xe67e22","0x707b7c","0x707b7c","0xe67e22","0xe67e22","0xe83878","0xe5e5e5","0xe83878","0xe83878","0xe83878","0xe83878","0xe67e22","0x707b7c","0x707b7c"],
    "code":["function UpStairs () {","       up()","       right()","}","function DownStairs () {","       down()","       right()","}","UpStairs()","UpStairs()","DownStairs()","DownStairs"],
    "text":[], 
    "textsize":[], 
    "textcolor":[],
    "startX":500,
    "startY":350,
    "order":[10,5,6,1,2,7,8,13,14],
    "row":5,
    "col":3,
    "start":10,
    "scale":0.55,
    "ballScale":0.75,
    "fontSize": 50,
    "textStartY":130,
    "textGap": 70,
    "textStartX": 1400,
    "color":["0xffa60"],
    "ifcross":[true],
    "ifBoxPos":[1630],
    "Hint" : "",
    "HintColor":"",
    "BorderColor":""
}