{
    "blocks":["0xb6d82a","0xb6d82a","0xb6d82a","0xb6d82a","0xb6d82a","0xb6d82a"],
    "code":["function  rectangle ()  {","       up()","       right()","       right()","       down()","       left()","       left()","}","rectangle ()"],
    "text":[], 
    "textsize":[], 
    "textcolor":[],
	"startX":450,
    "startY":500,
    "order":[3,0,1,2,5,4,3],
    "row":3,
    "col":2,
    "start":3,
    "scale":0.75,
    "ballScale":0.75,
    "fontSize": 50,
    "textStartY":300,
    "textGap": 80,
    "textStartX": 1300,
    "color":["0xffa60"],
    "ifcross":[true],
    "ifBoxPos":[1630],
    "Hint" : "",
    "HintColor":"",
    "BorderColor":""
}