{
    "blocks":["0xBD6D97","0xBD6D97","0xBD6D97","0xBD6D97","0xBD6D97","0xBD6D97","0xBD6D97","0xBD6D97","0xBD6D97","0x707b7c","0x707b7c","0x707b7c","0x707b7c","0xe83878","0x707b7c","0x707b7c","0x707b7c","0xb6d82a","0xBD6D97","0xBD6D97","0xBD6D97","0xBD6D97","0x707b7c","0xBD6D97","0xBD6D97","0xBD6D97","0xBD6D97","0xBD6D97","0xBD6D97","0xBD6D97","0xBD6D97","0x707b7c","0x707b7c","0xe83878","0x707b7c","0xb6d82a","0xBD6D97","0xBD6D97","0xBD6D97","0xBD6D97","0xBD6D97","0xBD6D97","0x707b7c","0xBD6D97","0xBD6D97","0xBD6D97","0xBD6D97","0xBD6D97","0xBD6D97","0xBD6D97","0xBD6D97","0x707b7c","0x707b7c","0xb6d82a","0xBD6D97","0xBD6D97","0xBD6D97","0xBD6D97","0xBD6D97","0xBD6D97","0xBD6D97","0xBD6D97","0xBD6D97"],
    "code":["function road () {","       right()","       right()","       if      { ","             bypass()","      }","       if      {","             road()","       } ","} ","function bypass () {","      down()","      down()","}","road()"],
    "text":[], 
    "textsize":[], 
    "textcolor":[], 
    "startX":150,
    "startY":250,
    "order":[9,10,11,12,13,22,31,32,33,42,51,52,53],
    "row":9,
    "col":7,
    "start":9,
    "scale":0.40,
    "ballScale":0.50,
    "fontSize": 50,
    "textStartY":100,
    "textGap": 65,
    "textStartX": 1500,
    "color":["0xe83878","0x707b7c"],
    "ifcross":[false,false],
    "ifBoxPos":[1650,1650],
    "Hint" : "",
    "HintColor":"",
    "BorderColor":""
}