{
    "blocks":["0xaaf078","0xBA4322","0xaaf078","0xBA4322","0xaaf078","0xBA4322","0xaaf078","0xaaf078","0xBA4322","0xaaf078","0xBA4322","0xaaf078","0xBA4322","0xaaf078","0xaaf078","0xBA4322","0xaaf078","0xBA4322","0xaaf078","0xBA4322","0xaaf078","0xaaf078","0xBA4322","0xaaf078","0xBA4322","0xaaf078","0xBA4322","0xaaf078"],
    "code":["function ping () {","       repeat (2) { ","             left()","             left()","        }","}","function pong () {","       repeat  (2) { ","             right()","             right()","        }","}","repeat  (3) {","       ping()","       pong()","}"],
    "text":[], 
    "textsize":[], 
    "textcolor":[],
    "startX":400,
    "startY":330,
    "order":[19,18,17,16,15,16,17,18,19,18,17,16,15,16,17,18,19,18,17,16,15,16,17,18,19],
    "row":7,
    "col":4,
    "start":19,
    "scale":0.50,
    "ballScale":0.50,
    "fontSize": 40,
    "textStartY":75,
    "textGap": 60,
    "textStartX": 1480,
    "color":["0xffa60"],
    "ifcross":[true],
    "ifBoxPos":[1630],
    "Hint" : "",
    "HintColor":"",
    "BorderColor":""
}