{
    "blocks":["0xa2b2f0","0xEC7063","0xa2b2f0","0xEC7063","0xa2b2f0","0xEC7063","0xa2b2f0","0xa2b2f0","0xEC7063","0xa2b2f0","0xEC7063","0xa2b2f0","0xEC7063","0xa2b2f0","0xa2b2f0","0xEC7063","0xa2b2f0","0xEC7063","0xa2b2f0","0xEC7063","0xa2b2f0","0xa2b2f0","0xEC7063","0xa2b2f0","0xEC7063","0xa2b2f0","0xEC7063","0xa2b2f0"],
    "code":["function jump ()  {","       up()","       up()","       down()","       down()","}","function run ()  {","       right()","       right()","       right()","}","run()","jump()","run()"],
    "text":[], 
    "textsize":[], 
    "textcolor":[],
    "startX":400,
    "startY":350,
    "order":[14,15,16,17,10,3,10,17,18,19,20],
    "row":7,
    "col":4,
    "start":14,
    "scale":0.50,
    "ballScale":0.50,
    "fontSize": 45,
    "textStartY":70,
    "textGap": 70,
    "textStartX": 1450,
    "color":["0xffa60"],
    "ifcross":[true],
    "ifBoxPos":[1630],
    "Hint" : "",
    "HintColor":"",
    "BorderColor":""
}