{
    "blocks":["0xe83878","0xe83878","0xe83878","0xe83878"],
    "code":["square ()","","function  square () {","       up()","       right()","       down()","       left()","} "],
   "text":[], 
    "textsize":[], 
    "textcolor":[],
    "startX":450,
    "startY":500,
    "order":[2,0,1,3,2],
    "row":2,
    "col":2,
    "start":2,
    "scale":0.75,
    "ballScale":0.75,
    "fontSize": 50,
    "textStartY":300,
    "textGap": 70,
    "textStartX": 1300,
    "color":["0xffa60"],
    "ifcross":[true],
    "ifBoxPos":[1630],
    "Hint" : "",
    "HintColor":"",
    "BorderColor":""
}