{
    "blocks":["0x20D959","0x47785E","0x20D959","0x47785E","0x20D959","0x20D959","0x47785E","0xe83878","0x47785E","0xf8d800","0x20D959","0x47785E","0x20D959","0x47785E","0x20D959","0x20D959","0x47785E","0x20D959","0x47785E","0x20D959","0x20D959","0x47785E","0x20D959","0x47785E","0x20D959"],
    "code":["function  parade (){","      if        { ","             left()","             right()","             left()","     }","      up()","      if         {","             right()","             up()","      }","}","function  choreography (){","      parade()","      right()","      parade()","}","choreography()"],
    "text":[], 
    "textsize":[], 
    "textcolor":[], 
    "startX":400,
    "startY":300,
    "order":[13,9,10,6,7,6,7,6,2],
    "row":4,
    "col":5,
    "start":13,
    "scale":0.50,
    "ballScale":0.60,
    "fontSize": 35,
    "textStartY":50,
    "textGap": 51,
    "textStartX": 1350,
    "color":["0xe83878","0xf8d800"],
    "ifcross":[false,false],
    "ifBoxPos":[1455,1460],
    "Hint" : "",
    "HintColor":"",
    "BorderColor":""
}
