{
    "blocks":["0x9FC5E8","0xAF69C7","0x9FC5E8","0xAF69C7","0x9FC5E8","0xAF69C7","0x9FC5E8","0xAF69C7","0x9FC5E8","0xAF69C7","0x9FC5E8","0xAF69C7","0x9FC5E8","0x9FC5E8","0xAF69C7","0x9FC5E8","0xAF69C7","0x9FC5E8","0xAF69C7","0x9FC5E8","0xAF69C7","0x9FC5E8","0xAF69C7","0x9FC5E8","0xAF69C7","0x9FC5E8","0x9FC5E8","0xAF69C7","0x9FC5E8","0xAF69C7","0x9FC5E8","0xAF69C7","0x9FC5E8","0xAF69C7","0x9FC5E8","0xAF69C7","0x9FC5E8","0xAF69C7","0x9FC5E8","0x9FC5E8","0xAF69C7","0x9FC5E8","0xAF69C7","0x9FC5E8","0xAF69C7","0x9FC5E8","0xAF69C7","0x9FC5E8","0xAF69C7","0x9FC5E8","0xAF69C7","0x9FC5E8","0x9FC5E8","0xAF69C7","0x9FC5E8","0xAF69C7","0x9FC5E8","0xAF69C7","0x9FC5E8","0xAF69C7","0x9FC5E8","0xAF69C7","0x9FC5E8","0xAF69C7","0x9FC5E8","0x9FC5E8","0xAF69C7","0x9FC5E8","0xAF69C7","0x9FC5E8","0xAF69C7","0x9FC5E8","0xAF69C7","0x9FC5E8","0xAF69C7","0x9FC5E8","0xAF69C7","0x9FC5E8","0x9FC5E8","0xAF69C7","0x9FC5E8","0xAF69C7","0x9FC5E8","0xAF69C7","0x9FC5E8","0xAF69C7","0x9FC5E8","0xAF69C7","0x9FC5E8","0xAF69C7","0x9FC5E8","0x9FC5E8","0xAF69C7","0x9FC5E8","0xAF69C7","0x9FC5E8","0xAF69C7","0x9FC5E8","0xAF69C7","0x9FC5E8","0xAF69C7","0x9FC5E8","0xAF69C7","0x9FC5E8","0x9FC5E8","0xAF69C7","0x9FC5E8","0xAF69C7","0x9FC5E8","0xAF69C7","0x9FC5E8","0xAF69C7","0x9FC5E8","0xAF69C7","0x9FC5E8","0xAF69C7","0x9FC5E8","0x9FC5E8","0xAF69C7","0x9FC5E8","0xAF69C7","0x9FC5E8","0xAF69C7","0x9FC5E8","0xAF69C7","0x9FC5E8","0xAF69C7","0x9FC5E8","0xAF69C7","0x9FC5E8"],
    "code":["function  choice () {","       if       { ","              while       { ","                   left()","                   left()","                   left()","                   up()","              }","              choice()","       }  else { ","              while       { ","                   right()","                   down()","              }","       }","}","choice()"],
    "text":[], 
    "textsize":[], 
    "textcolor":[],
    "startX":300,
    "startY":150,
    "order":[72,71,70,69,56,57,70],
    "row":13,
    "col":10,
    "start":72,
    "scale":0.3,
    "ballScale":0.3,
    "fontSize": 40,
    "textStartY":100,
    "textGap": 58,
    "textStartX": 1400,
    "color":["0xAF69C7","0x9FC5E8","0xAF69C7"],
    "ifcross":[false,true,true],
    "ifBoxPos":[1525,1645,1650],
    "Hint" : "",
    "HintColor":"",
    "BorderColor":""    
}