{
    "blocks":["0xe5e5e5","0xe5e5e5","0xe5e5e5","0xe5e5e5","0xe5e5e5","0xec7063","0xf8d800","0xec7063","0xf8d800","0xec7063","0xf8d800","0xec7063","0xf8d800","0xec7063","0xf8d800"  ,"0xec7063","0xf8d800","0xec7063","0xf8d800","0xec7063"  ,"0xe5e5e5","0xe5e5e5","0xe5e5e5","0xe5e5e5","0xe5e5e5","0xe5e5e5"],
    "code":["function  jump () {","      up()","      down()","      up()","      down()","}","function  hiphop () { ","      jump()","      left()","      right()","      left()","}","function  show () {","       if         {","               left()","               right()","               left()","               hiphop()","       } else { ","            right()","            left()","            right()","       } ","       right()","       right()","}","repeat (2) {","      show()","}"],
    "text":[], 
    "textsize":[], 
    "textcolor":[],	
    "startX":300,
    "startY":250,
    "order":[12,11,12,11,6,11,6,11,10,11,10,11,12,11,12,11,6,11,6,11,10,11,10,11,12],
    "row":5,
    "col":5,
    "start":12,
    "scale":0.50,
    "ballScale":0.50,
    "fontSize": 33,
    "textStartY":65,
    "textGap": 35,
    "textStartX": 1400,
    "color":["0xf8d800"],
    "ifcross":[false],
    "ifBoxPos":[1510],
    "Hint" : "",
    "HintColor":"",
    "BorderColor":""
}