{
    "blocks":["0x7b7729","0x959da8","0x7b7729","0x7b7729","0x959da8","0x7b7729"],
    "code":["     m=True+False","     n=False+True","1.  down()","2.  print(m==n)"],
    "text":["1","","0","True","","False"], 
    "textsize":[85,80,85,80,80,80], 
	"textcolor":["#ffffff","#ffffff","#ffffff","#ffffff","#ffffff","#ffffff"], 
    "startX":600,
    "startY":380.5,
    "order":[1,4,3],
    "row":3,
    "col":2,
    "start":1,
    "scale":0.75,
    "ballScale":0.75,
    "fontSize": 60,
    "textStartY": 335,
    "textGap": 100,
    "textStartX": 1350,
    "Hint" : "The double equals sign == tests for equality",
    "HintColor":"#632369",
    "BorderColor":"0xFFFF00 "
}
