{
    "blocks":["0x7b7729","0x7b7729","0x7b7729","0x7b7729","0x959da8","0x7b7729","0x959da8","0x959da8","0x7b7729"],
    "code":["     Audi=True","     BMW=True","1.  right()","2.  up()","3.  If(Audi and BMW):","4.    print(\"Car\")","5.  Else:","6.    print(\"Bike\")"],
    "text":["Audi","True","BMW","Car","","Bike","","","False"], 
    "textsize":[85,85,80,85,85,85,85,85,85], 
	"textcolor":["#ffffff","#ffffff","#ffffff","#ffffff","#ffffff","#ffffff","#ffffff","#ffffff","#ffffff"], 
    "startX":500,
    "startY":290.5,
    "order":[6,7,4,3],
    "row":3,
    "col":3,
    "start":6,
    "scale":0.75,
    "ballScale":0.75,
    "fontSize": 50,
    "textStartY": 150,
    "textGap": 100,
    "textStartX": 1350,
    "Hint" : "If either of the operand is false, then the output is False",
    "HintColor":"#632369",
    "BorderColor":"0xFFFF00 "
}