{
    "blocks":["0xc64a4a","0x959da8","0x959da8","0xc64a4a","0xc64a4a","0x959da8"],
    "code":["     x=\"Car\"","     y=\"car\"","1.  up()","2.  left()","3.  print(x == y)"],
    "text":["True","","","Car","False",""], 
    "textsize":[85,85,85,85,85,85], 
	"textcolor":["#ffffff","#ffffff","#ffffff","#ffffff","#ffffff","#ffffff"], 
    "startX":500,
    "startY":380.5,
    "order":[5,2,1,4],
    "row":3,
    "col":2,
    "start":5,
    "scale":0.75,
    "ballScale":0.75,
    "fontSize": 60,
    "textStartY": 300,
    "textGap": 100,
    "textStartX": 1350,
    "Hint" : "The double equals sign == tests for equality",
    "HintColor":"#328031",
    "BorderColor":"0xFFFF00 "
}
