{
    "blocks":["0x7b7729","0x959da8","0x7b7729","0x7b7729","0x959da8","0x7b7729","0x959da8","0x7b7729","0x959da8"],
    "code":["     x=25","     y=5","1.  up()","2.  print(x%y != 0)"],
    "text":["True","","False","0","","1","","5",""], 
    "textsize":[85,85,85,90,85,90,85,90,85], 
	"textcolor":["#ffffff","#ffffff","#ffffff","#ffffff","#ffffff","#ffffff","#ffffff","#ffffff","#ffffff"], 
    "startX":500,
    "startY":310.5,
    "order":[4,1,2],
    "row":3,
    "col":3,
    "start":4,
    "scale":0.75,
    "ballScale":0.75,
    "fontSize": 60,
    "textStartY": 340,
    "textGap": 100,
    "textStartX": 1350,
    "Hint" : "If the values of two operands are not equal, then the condition becomes true",
    "HintColor":"#632369",
    "BorderColor":"0xFFFF00 "
}
