{
    "blocks":["0x7b7729","0x7b7729","0x959da8","0x959da8","0x7b7729","0x7b7729"],
    "code":["1.  left()","2.  print(True+False)"],
    "text":["1","True","","","0","False"], 
    "textsize":[90,80,80,80,90,80], 
	"textcolor":["#ffffff","#ffffff","#ffffff","#ffffff","#ffffff","#ffffff"], 
    "startX":550,
    "startY":300.5,
    "order":[3,2,0],
    "row":2,
    "col":3,
    "start":3,
    "scale":0.75,
    "ballScale":0.75,
    "fontSize": 60,
    "textStartY": 320,
    "textGap": 100,
    "textStartX": 1250,
    "Hint" : "Computer equates the value of True to 1 & False to 0",
    "HintColor":"#632369",
    "BorderColor":"0xFFFF00 "
}


