{
    "blocks":["0x7b7729","0x7b7729","0x7b7729","0x7b7729","0x959da8","0x959da8","0x959da8","0x7b7729","0x959da8","0x959da8","0x7b7729","0x7b7729"],
    "code":["     p=10%4","     q=6/3","1.  up()","2.  right()","3.  print(p >= q)"],
    "text":["1","2","False","0","","","","True","","","1.0","-1"], 
    "textsize":[85,85,85,85,85,85,85,85,85,85,85,85], 
	"textcolor":["#ffffff","#ffffff","#ffffff","#ffffff","#ffffff","#ffffff","#ffffff","#ffffff","#ffffff","#ffffff","#ffffff","#ffffff"], 
    "startX":400,
    "startY":280.5,
    "order":[9,5,6,7],
    "row":4,
    "col":3,
    "start":9,
    "scale":0.75,
    "ballScale":0.75,
    "fontSize": 60,
    "textStartY": 280,
    "textGap": 100,
    "textStartX": 1380,
    "Hint" : "If the left operand is greater than or equal to the right operand, then condition becomes true",
    "HintColor":"#632369",
    "BorderColor":"0xFFFF00 "
}
