{
    "blocks":["0xc64a4a","0x959da8","0x959da8","0x959da8","0xc64a4a","0xc64a4a"],
    "code":["     x=20","     y=10","1.  down()","2.  left()","3.  print(not x>y)"],
    "text":["True","","","","False","1"], 
    "textsize":[85,85,85,85,85,85], 
	"textcolor":["#ffffff","#ffffff","#ffffff","#ffffff","#ffffff","#ffffff"], 
    "startX":550,
    "startY":300.5,
    "order":[1,3,2,4],
    "row":2,
    "col":3,
    "start":1,
    "scale":0.75,
    "ballScale":0.75,
    "fontSize": 60,
    "textStartY": 290,
    "textGap": 100,
    "textStartX": 1300,
    "Hint" : "The 'not' operator complements the operand",
    "HintColor":"#328031",
    "BorderColor":"0xFFFF00 "
}


