{
    "blocks":["0x387e93","0x387e93","0x387e93","0x387e93","0x387e93","0x387e93","0x387e93","0x959da8","0x959da8","0x959da8","0x959da8","0x959da8"],
    "code":["     p=\"python\"","     q=\"PythoN\"","1.  right()","2.  up()","3.  left()","4.  print(p != q)"],
    "text":["1.0","-1","python","1","False","0","True","","","","",""], 
    "textsize":[75,80,75,80,75,80,75,75,75,75,75,75], 
	"textcolor":["#ffffff","#ffffff","#ffffff","#ffffff","#ffffff","#ffffff","#ffffff","#ffffff","#ffffff","#ffffff","#ffffff","#ffffff"], 
    "startX":500,
    "startY":190.5,
    "order":[10,11,8,7,6],
    "row":3,
    "col":4,
    "start":10,
    "scale":0.75,
    "ballScale":0.75,
    "fontSize": 60,
    "textStartY": 230,
    "textGap": 100,
    "textStartX": 1400,
    "Hint" : "If the values of two operands are not equal, then the condition becomes true",
    "HintColor":"#934D38",
    "BorderColor":"0xFFFF00 "
}
