{
    "blocks":["0x387e93","0x387e93","0x387e93","0x387e93","0x959da8","0x387e93","0x387e93","0x959da8","0x387e93","0x959da8","0x387e93","0x959da8"],
    "code":["     x=5","     y=\"5\"","1.  up()","2.  print(x==y)"],
    "text":["1","0","\"1\"","True","","False","\"5\"","","-1","","5",""], 
    "textsize":[75,75,75,75,75,75,75,75,75,75,75,75], 
	"textcolor":["#ffffff","#ffffff","#ffffff","#ffffff","#ffffff","#ffffff","#ffffff","#ffffff","#ffffff","#ffffff","#ffffff","#ffffff"], 
    "startX":500,
    "startY":190.5,
    "order":[7,4,5],
    "row":3,
    "col":4,
    "start":7,
    "scale":0.75,
    "ballScale":0.75,
    "fontSize": 60,
    "textStartY": 230,
    "textGap": 100,
    "textStartX": 1400,
    "Hint" : " The double equals sign == tests for equality",
    "HintColor":"#934D38",
    "BorderColor":"0xFFFF00 "
}
