{
    "blocks":["0xc64a4a","0x959da8","0xc64a4a","0x959da8","0xc64a4a","0xc64a4a"],
    "code":["     p=5","     q=15","1.  down()","2.  print(p != q)"],
    "text":["1","","False","","0","True"], 
    "textsize":[85,80,80,80,85,80], 
	"textcolor":["#ffffff","#ffffff","#ffffff","#ffffff","#ffffff","#ffffff"], 
    "startX":550,
    "startY":300.5,
    "order":[1,3,5],
    "row":2,
    "col":3,
    "start":1,
    "scale":0.75,
    "ballScale":0.75,
    "fontSize": 60,
    "textStartY": 320,
    "textGap": 100,
    "textStartX": 1300,
    "Hint" : "If the values of two operands are not equal, then the condition becomes true",
    "HintColor":"#328031",
    "BorderColor":"0xFFFF00 "
}


