{
    "blocks":["0x387e93","0x387e93","0x387e93","0x387e93","0x387e93","0x387e93","0x387e93","0x959da8","0x387e93","0x959da8","0x959da8","0x959da8"],
    "code":["     Cat=True","     Cow=False","1.  up()","2.  If(Cat or Cow):","3.    print(\"Pet\")","4.  Else:","5.    print(\"Wild\")"],
    "text":["Cat","False","0","1","Wild","Cow","True","","Pet","","",""], 
    "textsize":[75,75,75,75,75,75,75,75,75,75,75,75], 
	"textcolor":["#ffffff","#ffffff","#ffffff","#ffffff","#ffffff","#ffffff","#ffffff","#ffffff","#ffffff","#ffffff","#ffffff","#ffffff"], 
    "startX":450,
    "startY":190.5,
    "order":[10,7,8],
    "row":3,
    "col":4,
    "start":10,
    "scale":0.75,
    "ballScale":0.75,
    "fontSize": 55,
    "textStartY": 170,
    "textGap": 100,
    "textStartX": 1280,
    "Hint" : "If either of the operand is true, then the output becomes True",
    "HintColor":"#934D38",
    "BorderColor":"0xFFFF00 "
}