{
    "blocks":["0x959da8","0x7b7729","0x959da8","0x7b7729","0x7b7729","0x7b7729","0x7b7729","0x7b7729"],
    "code":["     tiger=False","     lion=False","1.  down()","2.  If(tiger or lion):","3.    print(\"animal\")","4.  Else:","5.    print(\"bird\")"],
    "text":["","True","","bird","animal","tiger","False","lion"], 
    "textsize":[85,85,85,85,85,85,85,85], 
	"textcolor":["#ffffff","#ffffff","#ffffff","#ffffff","#ffffff","#ffffff","#ffffff","#ffffff"], 
    "startX":600,
    "startY":200.5,
    "order":[0,2,3],
    "row":2,
    "col":4,
    "start":0,
    "scale":0.75,
    "ballScale":0.75,
    "fontSize": 60,
    "textStartY": 200,
    "textGap": 100,
    "textStartX": 1350,
    "Hint" : "If either of the operand is true, then the output becomes True",
    "HintColor":"#632369",
    "BorderColor":"0xFFFF00 "
}
