{
    "blocks":["0x387e93","0x959da8","0x387e93","0x959da8","0x387e93","0x387e93"],
    "code":["     x=10-True","     y=9","1.  down()","2.  print(x < y)"],
    "text":["0","","False","","1","True"], 
    "textsize":[85,80,80,80,85,80], 
	"textcolor":["#ffffff","#ffffff","#ffffff","#ffffff","#ffffff","#ffffff"], 
    "startX":550,
    "startY":300.5,
    "order":[1,3,2],
    "row":2,
    "col":3,
    "start":1,
    "scale":0.75,
    "ballScale":0.75,
    "fontSize": 60,
    "textStartY": 320,
    "textGap": 100,
    "textStartX": 1300,
    "Hint" : "If the left operand is less than the right operand, then condition becomes true",
    "HintColor":"#934D38",
    "BorderColor":"0xFFFF00 "
}


