{
    "blocks":["0x959da8","0x959da8","0x387e93","0x387e93","0x959da8","0x387e93"],
    "code":["1.  right()","2.  down()","3.  print(True+True)"],
    "text":["","","1","True","","2"], 
    "textsize":[75,75,85,78,75,85], 
	"textcolor":["#ffffff","#ffffff","#ffffff","#ffffff","#ffffff","#ffffff"], 
    "startX":600,
    "startY":500.5,
    "order":[0,1,4,5],
    "row":3,
    "col":2,
    "start":0,
    "scale":0.75,
    "ballScale":0.75,
    "fontSize": 60,
    "textStartY": 350,
    "textGap": 100,
    "textStartX": 1350,
    "Hint" : "Computer equates the value of True to 1",
    "HintColor":"#934D38",
    "BorderColor":"0xFFFF00 "
}
