{
    "blocks":["0x387e93","0x387e93","0x387e93","0x387e93","0x387e93","0x387e93","0x959da8","0x959da8","0x387e93"],
    "code":["     x=14%5","     y=10/2","1.  right()","2.  print(x>=4 and y<3)"],
    "text":["-1","4","2","0","True","1","","","False"], 
    "textsize":[85,85,85,85,85,85,85,85,85], 
	"textcolor":["#ffffff","#ffffff","#ffffff","#ffffff","#ffffff","#ffffff","#ffffff","#ffffff","#ffffff"], 
    "startX":500,
    "startY":290.5,
    "order":[6,7,8],
    "row":3,
    "col":3,
    "start":6,
    "scale":0.75,
    "ballScale":0.75,
    "fontSize": 50,
    "textStartY": 300,
    "textGap": 100,
    "textStartX": 1350,
    "Hint" : "If either of the operand is false, then the output is False",
    "HintColor":"#934D38",
    "BorderColor":"0xFFFF00 "
}
