{
    "blocks":["0x387e93","0x959da8","0x959da8","0x387e93","0x959da8","0x387e93","0x387e93","0x387e93","0x387e93"],
    "code":["     m=8/2","     n=2*3","1.  left()","2.  down()","3.  print(m <= n)"],
    "text":["6","","","False","","0","1","True","-1"], 
    "textsize":[90,85,85,85,85,90,90,85,90], 
	"textcolor":["#ffffff","#ffffff","#ffffff","#ffffff","#ffffff","#ffffff","#ffffff","#ffffff","#ffffff"], 
    "startX":500,
    "startY":290.5,
    "order":[2,1,4,7],
    "row":3,
    "col":3,
    "start":2,
    "scale":0.75,
    "ballScale":0.75,
    "fontSize": 60,
    "textStartY": 290,
    "textGap": 100,
    "textStartX": 1350,
    "Hint" : "If the left operand is less than or equal to the right operand, then condition becomes true",
    "HintColor":"#934D38",
    "BorderColor":"0xFFFF00 "
}
