{
    "blocks":["0x3d8aa7","0x959da8","0x3d8aa7","0x3d8aa7","0x959da8","0x959da8"],
    "code":["left()","up()","m=2+3","print(m)"],
    "text":["5","","2+3","m","",""], 
    "textsize":[75,70,70,75,70,70], 
	"textcolor":["#ffffff","#ffffff","#ffffff","#ffffff","#ffffff","#ffffff"], 
    "startX":610,
    "startY":550.5,
    "order":[5,4,1,0],
    "row":3,
    "col":2,
    "start":5,
    "scale":0.75,
    "ballScale":0.75,
    "fontSize": 60,
    "textStartY": 400,
    "textGap": 100,
    "textStartX": 1450,
    "Hint" : "‘+’ operator is used to add two numbers",
    "HintColor":"#8e2877",
    "BorderColor":"0xFFFF00 "
}

