{
    "blocks":["0xaa62a1","0x959da8","0x959da8","0xaa62a1","0xaa62a1","0xaa62a1"],
    "code":["left()","p=5","p-=2","print(p)"],
    "text":["3","","","-2","5","2"], 
    "textsize":[75,75,75,75,75,75], 
	"textcolor":["#ffffff","#ffffff","#ffffff","#ffffff","#ffffff","#ffffff"], 
    "startX":500,
    "startY":380.5,
    "order":[2,1,0],
    "row":3,
    "col":2,
    "start":2,
    "scale":0.75,
    "ballScale":0.75,
    "fontSize": 60,
    "textStartY": 350,
    "textGap": 100,
    "textStartX": 1350,
    "Hint" : "Decrementing the value of variable p by 2",
    "HintColor":"#10738b",
    "BorderColor":"0xFFFF00 "
}

















