{
    "blocks":["0xaa62a1","0x959da8","0xaa62a1","0x959da8","0x959da8","0xaa62a1"],
    "code":["right()","up()","print(\"10\"*3)"],
    "text":["101010","","30","","","103"], 
    "textsize":[70,75,75,75,75,75], 
	"textcolor":["#ffffff","#ffffff","#ffffff","#ffffff","#ffffff","#ffffff"], 
    "startX":500,
    "startY":380.5,
    "order":[3,4,1,0],
    "row":3,
    "col":2,
    "start":3,
    "scale":0.75,
    "ballScale":0.75,
    "fontSize": 60,
    "textStartY": 350,
    "textGap": 100,
    "textStartX": 1350,
    "Hint" : "String \"10\" is multiplied by an integer 3 ",
    "HintColor":"#10738b",
    "BorderColor":"0xFFFF00 "
}
