{
    "blocks":["0xaa62a1","0xaa62a1","0xaa62a1","0x959da8","0x959da8","0xaa62a1","0xaa62a1","0xaa62a1","0xaa62a1"],
    "code":["right()","x=3","y=2","print(x**y)"],
    "text":["6.01","9","5","","","6.0","9.1","6","9.0"], 
    "textsize":[81,85,85,85,85,85,82,85,82], 
	"textcolor":["#ffffff","#ffffff","#ffffff","#ffffff","#ffffff","#ffffff","#ffffff","#ffffff","#ffffff"], 
    "startX":500,
    "startY":310.5,
    "order":[3,4,1],
    "row":3,
    "col":3,
    "start":3,
    "scale":0.75,
    "ballScale":0.75,
    "fontSize": 60,
    "textStartY": 300,
    "textGap": 100,
    "textStartX": 1350,
    "Hint" : "‘**’ performs exponential calculation",
    "HintColor":"#10738b",
    "BorderColor":"0xFFFF00 "
}
