{
    "blocks":["0x3d8aa7","0x3d8aa7","0x3d8aa7","0x3d8aa7","0x3d8aa7","0x3d8aa7","0x959da8","0x959da8","0x3d8aa7","0x959da8","0x3d8aa7","0x3d8aa7"],
    "code":["up()","right()","print(\"%.3f\" % 3.14574)"],
    "text":["3.14574","3.146f","3.15f","3.15","3.146","3.1457","","","3.14","","3.145","3.1"], 
    "textsize":[60,60,60,65,63,60,70,70,64,70,60,70], 
	"textcolor":["#ffffff","#ffffff","#ffffff","#ffffff","#ffffff","#ffffff","#ffffff","#ffffff","#ffffff","#ffffff","#ffffff","#ffffff"], 
    "startX":500,
    "startY":190.5,
    "order":[9,6,7,4],
    "row":3,
    "col":4,
    "start":9,
    "scale":0.75,
    "ballScale":0.75,
    "fontSize": 50,
    "textStartY": 230,
    "textGap": 100,
    "textStartX": 1300,
    "Hint" : "Floating point number can be formatted to print 3 digits after the decimal place",
    "HintColor":"#8e2877",
    "BorderColor":"0xFFFF00 "
}
