{
    "blocks":["0x3d8aa7","0x3d8aa7","0x3d8aa7","0x959da8","0x3d8aa7","0x959da8"],
    "code":["up()","x=31","y=6","print(x%y)"],
    "text":["5.1","1","5","","5.01",""], 
    "textsize":[75,75,75,75,75,75], 
	"textcolor":["#ffffff","#ffffff","#ffffff","#ffffff","#ffffff","#ffffff"], 
    "startX":550,
    "startY":300.5,
    "order":[5,3,1],
    "row":2,
    "col":3,
    "start":5,
    "scale":0.75,
    "ballScale":0.75,
    "fontSize": 60,
    "textStartY": 320,
    "textGap": 100,
    "textStartX": 1300,
    "Hint" : "‘%’ operator is used to find the remainder, when the first number is divided by the second number",
    "HintColor":"#8e2877",
    "BorderColor":"0xFFFF00 "
}


