{
    "blocks":["0x3d8aa7","0x3d8aa7","0x3d8aa7","0x959da8","0x959da8","0x3d8aa7","0x3d8aa7","0x959da8","0x959da8","0x3d8aa7","0x3d8aa7","0x3d8aa7"],
    "code":["left()","up()","left()","m=22","n=4","print(m/n)"],
    "text":["5","5.05","5.00","","","5.55","5.5","","","5.0","5.50","5.15"], 
    "textsize":[81,75,75,75,75,75,75,75,75,75,75,75], 
	"textcolor":["#ffffff","#ffffff","#ffffff","#ffffff","#ffffff","#ffffff","#ffffff","#ffffff","#ffffff","#ffffff","#ffffff","#ffffff"], 
    "startX":500,
    "startY":190.5,
    "order":[8,7,4,3,6],
    "row":3,
    "col":4,
    "start":8,
    "scale":0.75,
    "ballScale":0.75,
    "fontSize": 60,
    "textStartY": 230,
    "textGap": 100,
    "textStartX": 1400,
    "Hint" : "‘/’ operator divides the left operand by righ operand",
    "HintColor":"#8e2877",
    "BorderColor":"0xFFFF00 "
}
