{
    "blocks":["0x959da8","0x959da8","0x959da8","0x0a908b","0x0a908b","0x0a908b"],
    "code":["left()","down()","m=25","n=5","print(m%n)"],
    "text":["","","","0","5","5.0"], 
    "textsize":[75,78,75,75,75,75], 
	"textcolor":["#ffffff","#ffffff","#ffffff","#ffffff","#ffffff","#ffffff"], 
    "startX":550,
    "startY":300.5,
    "order":[1,0,2,3],
    "row":2,
    "col":3,
    "start":1,
    "scale":0.75,
    "ballScale":0.75,
    "fontSize": 60,
    "textStartY": 320,
    "textGap": 100,
    "textStartX": 1300,
    "Hint" : "‘%’ operator is used to find the remainder, when the first number is divided by the second number",
    "HintColor":"#8d1023",
    "BorderColor":"0xFFFF00 "
}


