{
    "blocks":["0x959da8","0xaa62a1","0x959da8","0xaa62a1","0xaa62a1","0xaa62a1"],
    "code":["down()","p=-9","q=-3","print(p/q)"],
    "text":["","-3","","3.0","-3.0","3.01"], 
    "textsize":[75,78,75,75,75,75], 
	"textcolor":["#ffffff","#ffffff","#ffffff","#ffffff","#ffffff","#ffffff"], 
    "startX":550,
    "startY":300.5,
    "order":[0,2,3],
    "row":2,
    "col":3,
    "start":0,
    "scale":0.75,
    "ballScale":0.75,
    "fontSize": 50,
    "textStartY": 320,
    "textGap": 100,
    "textStartX": 1300,
    "Hint" : "In division, when both the operands are -ve then the o/p will be +ve",
    "HintColor":"#10738b",
    "BorderColor":"0xFFFF00 "
}
