{
    "blocks":["0x959da8","0x3d8aa7","0x959da8","0x959da8","0x3d8aa7","0x959da8","0x3d8aa7","0x3d8aa7"],
    "code":["down()","right()","down()","x=3","print(float(x))"],
    "text":["","3.3","","","3.0","","3.00","3"], 
    "textsize":[75,75,75,75,75,75,75,75], 
	"textcolor":["#ffffff","#ffffff","#ffffff","#ffffff","#ffffff","#ffffff","#ffffff","#ffffff"], 
    "startX":550,
    "startY":200.5,
    "order":[0,2,3,5,4],
    "row":2,
    "col":4,
    "start":0,
    "scale":0.70,
    "ballScale":0.75,
    "fontSize": 60,
    "textStartY": 240,
    "textGap": 100,
    "textStartX": 1300,
    "Hint" : "The float function returns its argument as a floating point number",
    "HintColor":"#8e2877",
    "BorderColor":"0xFFFF00 "
}


