{
    "blocks":["0x8843bb","0xbb4333","0x8843bb","0x8843bb","0xbb4333","0x8843bb","0x8843bb","0xbb4333","0x8843bb"],
    "code":["for ( start i = 9 ; i > 0; decrease by 2 ) {","         print(i)","}"],
    "text":["1","2","4","3","5","6","9","7","2"], 
    "textsize":[60,60,60,60,60,60,60,60,60], 
    "textcolor":["#ffffff","#ffffff","#ffffff","#ffffff","#ffffff","#ffffff","#ffffff","#ffffff","#ffffff"], 
    "startX":500,
    "startY":350,
    "order":[6,7,4,3,0],
    "row":3,
    "col":3,
    "start":6,
    "scale":0.75,
    "ballScale":0.75,
    "fontSize": 50,
    "textStartY": 350,
    "textGap": 90,
    "textStartX": 1150,
    "Hint" : "",
    "HintColor":"#ffffff",
    "BorderColor":"0xFFFF00 "
}