{
    "blocks":["0xff336b","0xec7063","0xff336b","0xec7063"],
    "code":["for ( start i = 1 ; i < 8; increase by 1 ) {","         print(i%4)","}"],
    "text":["0","1","3","2"], 
    "textsize":[60,60,60,60,60,60,60,60,60], 
    "textcolor":["#ffffff","#ffffff","#ffffff","#ffffff","#ffffff","#ffffff","#ffffff","#ffffff","#ffffff"], 
    "startX":500,
    "startY":350,
    "order":[0,1,3,2,0,1,3,2],
    "row":2,
    "col":2,
    "start":0,
    "scale":0.75,
    "ballScale":0.75,
    "fontSize": 50,
    "textStartY": 350,
    "textGap": 90,
    "textStartX": 1150,
    "Hint" : "",
    "HintColor":"#ffffff",
    "BorderColor":"0xFFFF00 "
}