{
    "blocks":["0x8843bb","0x8843bb","0x8843bb","0x8843bb","0x8843bb","0x8843bb","0x8843bb","0x8843bb","0x8843bb"],
    "code":["for ( start i = 4 ; i > 0; decrease by 1 ) {","         print(i)","}"],
    "text":["1","2","6","4","3","8","5","7","10"], 
    "textsize":[60,60,60,60,60,60,60,60,60], 
    "textcolor":["#ffffff","#ffffff","#ffffff","#ffffff","#ffffff","#ffffff","#ffffff","#ffffff","#ffffff"], 
    "startX":500,
    "startY":350,
    "order":[3,4,1,0],
    "row":3,
    "col":3,
    "start":3,
    "scale":0.75,
    "ballScale":0.75,
    "fontSize": 50,
    "textStartY": 350,
    "textGap": 90,
    "textStartX": 1150,
    "Hint" : "",
    "HintColor":"#ffffff",
    "BorderColor":"0xFFFF00 "
}