{
    "blocks":["0x28b28d","0xabb3be","0xabb3be","0x28b28d","0xabb3be","0x28b28d","0x28b28d","0xabb3be","0x28b28d"],
    "code":["left()","down()","down()","print(bool(\" \"))"],
    "text":["\" \"","","","bool()","","bool\" \"","False","","True"], 
    "textsize":[70,65,65,65,65,65,65,65,65], 
	"textcolor":["#ffffff","#ffffff","#ffffff","#ffffff","#ffffff","#ffffff","#ffffff","#ffffff","#ffffff"], 
    "startX":500,
    "startY":300.5,
    "order":[2,1,4,7,6],
    "row":3,
    "col":3,
    "start":2,
    "scale":0.75,
    "ballScale":0.75,
    "fontSize": 60,
    "textStartY": 350,
    "textGap": 100,
    "textStartX": 1350,
    "Hint" : "The bool() function can be used to cast any value to a Boolean",
    "HintColor":"#c3144b",
    "BorderColor":"0xFFFF00 "
}
