{
    "blocks":["0x28b28d","0x28b28d","0xabb3be","0xabb3be","0x28b28d","0xabb3be"],
    "code":["up()","left()","print(\"1\")"],
    "text":["1","one","","","\"1\"",""], 
    "textsize":[78,73,60,60,76,60], 
	"textcolor":["#ffffff","#ffffff","#ffffff","#ffffff","#ffffff","#ffffff"], 
    "startX":500,
    "startY":310.5,
    "order":[5,3,2,0],
    "row":2,
    "col":3,
    "start":5,
    "scale":0.75,
    "ballScale":0.75,
    "fontSize": 60,
    "textStartY": 350,
    "textGap": 100,
    "textStartX": 1350,
    "Hint" : "Printing a text value \"1\"",
    "HintColor":"#be2b96",
    "BorderColor":"0xFFFF00 "
}
