{
    "blocks":["0xabb3be","0xabb3be","0x5f8ec4","0x5f8ec4","0xabb3be","0x5f8ec4"],
    "code":["right()","down","print(\"3\"+\"2\")"],
    "text":["","","\"32\"","32","","5"], 
    "textsize":[65,62,63,62,65,61], 
	"textcolor":["#ffffff","#ffffff","#ffffff","#ffffff","#ffffff","#ffffff"], 
    "startX":500,
    "startY":350.5,
    "order":[0,1,4,3],
    "row":3,
    "col":2,
    "start":0,
    "scale":0.75,
    "ballScale":0.75,
    "fontSize": 60,
    "textStartY": 350,
    "textGap": 100,
    "textStartX": 1350,
    "Hint" : "Joining two Strings",
    "HintColor":"#c3144b",
    "BorderColor":"0xFFFF00 "
}
