{
    "blocks":["0x5f8ec4","0xabb3be","0x5f8ec4","0xabb3be","0xabb3be","0x5f8ec4"],
    "code":["right() ","up()","print(\"ABC\")"],
    "text":["\"ABC\"","","ABC","","","ABCD"], 
    "textsize":[61,61,61,60,63,57.5], 
	"textcolor":["#ffffff","#ffffff","#ffffff","#ffffff","#ffffff","#ffffff"], 
    "startX":500,
    "startY":400.5,
    "order":[3,4,1,2],
    "row":3,
    "col":2,
    "start":3,
    "scale":0.75,
    "ballScale":0.75,
    "fontSize": 60,
    "textStartY": 350,
    "textGap": 100,
    "textStartX": 1350,
    "Hint" : "Printing a simple String",
    "HintColor":"#c3144b",
    "BorderColor":"0xFFFF00 "
}
